item_name,month,zone,avg_price
Agric eggs medium size,2024-11-01,NORTH CENTRAL,2940.85
Agric eggs medium size,2024-11-01,NORTH EAST,3017.43
Agric eggs medium size,2024-11-01,NORTH WEST,2575.0
Agric eggs medium size,2024-11-01,SOUTH EAST,3104.57
Agric eggs medium size,2024-11-01,SOUTH SOUTH,2794.83
Agric eggs medium size,2024-11-01,SOUTH WEST,2641.61
Agric hen eggs,2024-11-01,NORTH CENTRAL,255.33
Agric hen eggs,2024-11-01,NORTH EAST,237.19
Agric hen eggs,2024-11-01,NORTH WEST,223.2
Agric hen eggs,2024-11-01,SOUTH EAST,260.51
Agric hen eggs,2024-11-01,SOUTH SOUTH,260.99
Agric hen eggs,2024-11-01,SOUTH WEST,251.2
Beans Brown,2024-11-01,NORTH CENTRAL,2864.31
Beans Brown,2024-11-01,NORTH EAST,2404.77
Beans Brown,2024-11-01,NORTH WEST,2236.03
Beans Brown,2024-11-01,SOUTH EAST,2995.97
Beans Brown,2024-11-01,SOUTH SOUTH,3057.5
Beans Brown,2024-11-01,SOUTH WEST,2869.95
Beans white,2024-11-01,NORTH CENTRAL,2750.1
Beans white,2024-11-01,NORTH EAST,2170.48
Beans white,2024-11-01,NORTH WEST,2029.05
Beans white,2024-11-01,SOUTH EAST,3016.22
Beans white,2024-11-01,SOUTH SOUTH,2943.55
Beans white,2024-11-01,SOUTH WEST,2501.46
Beef Bone in,2024-11-01,NORTH CENTRAL,5483.94
Beef Bone in,2024-11-01,NORTH EAST,4538.71
Beef Bone in,2024-11-01,NORTH WEST,4639.67
Beef Bone in,2024-11-01,SOUTH EAST,3933.44
Beef Bone in,2024-11-01,SOUTH SOUTH,6127.54
Beef Bone in,2024-11-01,SOUTH WEST,5533.05
Beef Boneless,2024-11-01,NORTH CENTRAL,6137.72
Beef Boneless,2024-11-01,NORTH EAST,5354.99
Beef Boneless,2024-11-01,NORTH WEST,5520.73
Beef Boneless,2024-11-01,SOUTH EAST,6660.81
Beef Boneless,2024-11-01,SOUTH SOUTH,6201.13
Beef Boneless,2024-11-01,SOUTH WEST,6299.79
Bread sliced 500g,2024-11-01,NORTH CENTRAL,1513.07
Bread sliced 500g,2024-11-01,NORTH EAST,1439.56
Bread sliced 500g,2024-11-01,NORTH WEST,1571.14
Bread sliced 500g,2024-11-01,SOUTH EAST,1718.07
Bread sliced 500g,2024-11-01,SOUTH SOUTH,1847.38
Bread sliced 500g,2024-11-01,SOUTH WEST,1475.92
Bread unsliced 500g,2024-11-01,NORTH CENTRAL,1536.64
Bread unsliced 500g,2024-11-01,NORTH EAST,1313.22
Bread unsliced 500g,2024-11-01,NORTH WEST,1537.19
Bread unsliced 500g,2024-11-01,SOUTH EAST,1421.82
Bread unsliced 500g,2024-11-01,SOUTH SOUTH,1776.55
Bread unsliced 500g,2024-11-01,SOUTH WEST,1304.44
Local Rice (Broken),2024-11-01,NORTH CENTRAL,2341.55
Local Rice (Broken),2024-11-01,NORTH EAST,2041.37
Local Rice (Broken),2024-11-01,NORTH WEST,1927.03
Local Rice (Broken),2024-11-01,SOUTH EAST,2502.34
Local Rice (Broken),2024-11-01,SOUTH SOUTH,3083.07
Local Rice (Broken),2024-11-01,SOUTH WEST,3135.29
Catfish (obokun) fresh,2024-11-01,NORTH CENTRAL,3573.83
Catfish (obokun) fresh,2024-11-01,NORTH EAST,3642.4
Catfish (obokun) fresh,2024-11-01,NORTH WEST,3633.06
Catfish (obokun) fresh,2024-11-01,SOUTH EAST,4747.94
Catfish (obokun) fresh,2024-11-01,SOUTH SOUTH,5574.12
Catfish (obokun) fresh,2024-11-01,SOUTH WEST,4688.75
Catfish :dried,2024-11-01,NORTH CENTRAL,4865.78
Catfish :dried,2024-11-01,NORTH EAST,5510.96
Catfish :dried,2024-11-01,NORTH WEST,4072.56
Catfish :dried,2024-11-01,SOUTH EAST,10862.28
Catfish :dried,2024-11-01,SOUTH SOUTH,5416.89
Catfish :dried,2024-11-01,SOUTH WEST,5283.28
Catfish Smoked,2024-11-01,NORTH CENTRAL,3925.34
Catfish Smoked,2024-11-01,NORTH EAST,4989.17
Catfish Smoked,2024-11-01,NORTH WEST,3541.64
Catfish Smoked,2024-11-01,SOUTH EAST,4868.67
Catfish Smoked,2024-11-01,SOUTH SOUTH,5025.88
Catfish Smoked,2024-11-01,SOUTH WEST,4058.33
Chicken Feet,2024-11-01,NORTH CENTRAL,3627.25
Chicken Feet,2024-11-01,NORTH EAST,1823.12
Chicken Feet,2024-11-01,NORTH WEST,3253.45
Chicken Feet,2024-11-01,SOUTH EAST,3136.19
Chicken Feet,2024-11-01,SOUTH SOUTH,3958.91
Chicken Feet,2024-11-01,SOUTH WEST,4153.33
Chicken Wings,2024-11-01,NORTH CENTRAL,4738.03
Chicken Wings,2024-11-01,NORTH EAST,3530.5
Chicken Wings,2024-11-01,NORTH WEST,3499.89
Chicken Wings,2024-11-01,SOUTH EAST,4005.45
Chicken Wings,2024-11-01,SOUTH SOUTH,4829.43
Chicken Wings,2024-11-01,SOUTH WEST,5309.17
Dried Fish Sardine,2024-11-01,NORTH CENTRAL,4346.22
Dried Fish Sardine,2024-11-01,NORTH EAST,5054.97
Dried Fish Sardine,2024-11-01,NORTH WEST,4099.37
Dried Fish Sardine,2024-11-01,SOUTH EAST,6781.81
Dried Fish Sardine,2024-11-01,SOUTH SOUTH,4308.65
Dried Fish Sardine,2024-11-01,SOUTH WEST,4525.51
Evaporated tinned milk carnation 170g,2024-11-01,NORTH CENTRAL,848.6
Evaporated tinned milk carnation 170g,2024-11-01,NORTH EAST,1096.75
Evaporated tinned milk carnation 170g,2024-11-01,NORTH WEST,784.29
Evaporated tinned milk carnation 170g,2024-11-01,SOUTH EAST,768.07
Evaporated tinned milk carnation 170g,2024-11-01,SOUTH SOUTH,960.42
Evaporated tinned milk carnation 170g,2024-11-01,SOUTH WEST,786.0
"Evaporated tinned milk(peak), 170g",2024-11-01,NORTH CENTRAL,941.46
"Evaporated tinned milk(peak), 170g",2024-11-01,NORTH EAST,1138.5
"Evaporated tinned milk(peak), 170g",2024-11-01,NORTH WEST,877.47
"Evaporated tinned milk(peak), 170g",2024-11-01,SOUTH EAST,1016.72
"Evaporated tinned milk(peak), 170g",2024-11-01,SOUTH SOUTH,1146.67
"Evaporated tinned milk(peak), 170g",2024-11-01,SOUTH WEST,857.92
Frozen chicken,2024-11-01,NORTH CENTRAL,5968.65
Frozen chicken,2024-11-01,NORTH EAST,6297.77
Frozen chicken,2024-11-01,NORTH WEST,5998.93
Frozen chicken,2024-11-01,SOUTH EAST,7634.55
Frozen chicken,2024-11-01,SOUTH SOUTH,5291.67
Frozen chicken,2024-11-01,SOUTH WEST,5891.11
Garri white,2024-11-01,NORTH CENTRAL,1092.74
Garri white,2024-11-01,NORTH EAST,1267.05
Garri white,2024-11-01,NORTH WEST,1213.98
Garri white,2024-11-01,SOUTH EAST,1265.69
Garri white,2024-11-01,SOUTH SOUTH,1230.74
Garri white,2024-11-01,SOUTH WEST,1189.52
Garri Yellow,2024-11-01,NORTH CENTRAL,1232.21
Garri Yellow,2024-11-01,NORTH EAST,1324.39
Garri Yellow,2024-11-01,NORTH WEST,1260.49
Garri Yellow,2024-11-01,SOUTH EAST,1456.74
Garri Yellow,2024-11-01,SOUTH SOUTH,1277.68
Garri Yellow,2024-11-01,SOUTH WEST,1360.51
"Groundnut oil, 75cl",2024-11-01,NORTH CENTRAL,2772.54
"Groundnut oil, 75cl",2024-11-01,NORTH EAST,2909.59
"Groundnut oil, 75cl",2024-11-01,NORTH WEST,2935.31
"Groundnut oil, 75cl",2024-11-01,SOUTH EAST,3494.79
"Groundnut oil, 75cl",2024-11-01,SOUTH SOUTH,3318.78
"Groundnut oil, 75cl",2024-11-01,SOUTH WEST,3720.0
Iced Sardine,2024-11-01,NORTH CENTRAL,3310.85
Iced Sardine,2024-11-01,NORTH EAST,4380.42
Iced Sardine,2024-11-01,NORTH WEST,3284.25
Iced Sardine,2024-11-01,SOUTH EAST,4240.67
Iced Sardine,2024-11-01,SOUTH SOUTH,4459.01
Iced Sardine,2024-11-01,SOUTH WEST,3832.28
Irish Potato,2024-11-01,NORTH CENTRAL,2170.65
Irish Potato,2024-11-01,NORTH EAST,1244.57
Irish Potato,2024-11-01,NORTH WEST,1313.24
Irish Potato,2024-11-01,SOUTH EAST,1622.76
Irish Potato,2024-11-01,SOUTH SOUTH,2016.27
Irish Potato,2024-11-01,SOUTH WEST,2292.59
Mackerel Frozen,2024-11-01,NORTH CENTRAL,3431.74
Mackerel Frozen,2024-11-01,NORTH EAST,4326.0
Mackerel Frozen,2024-11-01,NORTH WEST,3263.86
Mackerel Frozen,2024-11-01,SOUTH EAST,5405.6
Mackerel Frozen,2024-11-01,SOUTH SOUTH,4962.66
Mackerel Frozen,2024-11-01,SOUTH WEST,4318.33
Maize grain white,2024-11-01,NORTH CENTRAL,1132.7
Maize grain white,2024-11-01,NORTH EAST,1150.02
Maize grain white,2024-11-01,NORTH WEST,910.04
Maize grain white,2024-11-01,SOUTH EAST,1364.0
Maize grain white,2024-11-01,SOUTH SOUTH,1329.0
Maize grain white,2024-11-01,SOUTH WEST,1135.38
Maize grain yellow sold loose,2024-11-01,NORTH CENTRAL,1132.16
Maize grain yellow sold loose,2024-11-01,NORTH EAST,1170.4
Maize grain yellow sold loose,2024-11-01,NORTH WEST,878.34
Maize grain yellow sold loose,2024-11-01,SOUTH EAST,1375.14
Maize grain yellow sold loose,2024-11-01,SOUTH SOUTH,1354.1
Maize grain yellow sold loose,2024-11-01,SOUTH WEST,1157.31
Mudfish (aro) fresh,2024-11-01,NORTH CENTRAL,3440.57
Mudfish (aro) fresh,2024-11-01,NORTH EAST,3820.19
Mudfish (aro) fresh,2024-11-01,NORTH WEST,3341.43
Mudfish (aro) fresh,2024-11-01,SOUTH EAST,4211.22
Mudfish (aro) fresh,2024-11-01,SOUTH SOUTH,5232.36
Mudfish (aro) fresh,2024-11-01,SOUTH WEST,5034.05
Mudfish : dried,2024-11-01,NORTH CENTRAL,3853.64
Mudfish : dried,2024-11-01,NORTH EAST,5713.35
Mudfish : dried,2024-11-01,NORTH WEST,3656.51
Mudfish : dried,2024-11-01,SOUTH EAST,9780.01
Mudfish : dried,2024-11-01,SOUTH SOUTH,4776.86
Mudfish : dried,2024-11-01,SOUTH WEST,5564.88
Onions fresh,2024-11-01,NORTH CENTRAL,1825.91
Onions fresh,2024-11-01,NORTH EAST,1218.18
Onions fresh,2024-11-01,NORTH WEST,1355.78
Onions fresh,2024-11-01,SOUTH EAST,2884.3
Onions fresh,2024-11-01,SOUTH SOUTH,2353.19
Onions fresh,2024-11-01,SOUTH WEST,1894.09
"Palm oil, 75cl",2024-11-01,NORTH CENTRAL,2038.7
"Palm oil, 75cl",2024-11-01,NORTH EAST,2579.46
"Palm oil, 75cl",2024-11-01,NORTH WEST,2864.26
"Palm oil, 75cl",2024-11-01,SOUTH EAST,2507.0
"Palm oil, 75cl",2024-11-01,SOUTH SOUTH,2248.48
"Palm oil, 75cl",2024-11-01,SOUTH WEST,2574.63
Plantain (ripe),2024-11-01,NORTH CENTRAL,1220.84
Plantain (ripe),2024-11-01,NORTH EAST,1024.47
Plantain (ripe),2024-11-01,NORTH WEST,1397.9
Plantain (ripe),2024-11-01,SOUTH EAST,1605.52
Plantain (ripe),2024-11-01,SOUTH SOUTH,2110.35
Plantain (ripe),2024-11-01,SOUTH WEST,1969.0
Plantain (unripe),2024-11-01,NORTH CENTRAL,1213.29
Plantain (unripe),2024-11-01,NORTH EAST,1017.58
Plantain (unripe),2024-11-01,NORTH WEST,1386.67
Plantain (unripe),2024-11-01,SOUTH EAST,1518.17
Plantain (unripe),2024-11-01,SOUTH SOUTH,2200.63
Plantain (unripe),2024-11-01,SOUTH WEST,2141.62
Rice agric sold loose,2024-11-01,NORTH CENTRAL,2030.5
Rice agric sold loose,2024-11-01,NORTH EAST,2157.59
Rice agric sold loose,2024-11-01,NORTH WEST,1858.33
Rice agric sold loose,2024-11-01,SOUTH EAST,2170.53
Rice agric sold loose,2024-11-01,SOUTH SOUTH,2023.85
Rice agric sold loose,2024-11-01,SOUTH WEST,2067.33
Rice local sold loose,2024-11-01,NORTH CENTRAL,1971.73
Rice local sold loose,2024-11-01,NORTH EAST,1944.88
Rice local sold loose,2024-11-01,NORTH WEST,1796.26
Rice local sold loose,2024-11-01,SOUTH EAST,2104.45
Rice local sold loose,2024-11-01,SOUTH SOUTH,1960.32
Rice local sold loose,2024-11-01,SOUTH WEST,2031.67
Rice Medium Grained,2024-11-01,NORTH CENTRAL,2144.92
Rice Medium Grained,2024-11-01,NORTH EAST,2100.36
Rice Medium Grained,2024-11-01,NORTH WEST,1968.57
Rice Medium Grained,2024-11-01,SOUTH EAST,2238.88
Rice Medium Grained,2024-11-01,SOUTH SOUTH,1995.04
Rice Medium Grained,2024-11-01,SOUTH WEST,2217.15
Rice Long-Grained (Imported),2024-11-01,NORTH CENTRAL,2613.41
Rice Long-Grained (Imported),2024-11-01,NORTH EAST,2352.91
Rice Long-Grained (Imported),2024-11-01,NORTH WEST,2338.14
Rice Long-Grained (Imported),2024-11-01,SOUTH EAST,2797.2
Rice Long-Grained (Imported),2024-11-01,SOUTH SOUTH,2334.68
Rice Long-Grained (Imported),2024-11-01,SOUTH WEST,2554.34
Sweet potatoes,2024-11-01,NORTH CENTRAL,1078.3
Sweet potatoes,2024-11-01,NORTH EAST,652.59
Sweet potatoes,2024-11-01,NORTH WEST,575.45
Sweet potatoes,2024-11-01,SOUTH EAST,669.09
Sweet potatoes,2024-11-01,SOUTH SOUTH,1766.11
Sweet potatoes,2024-11-01,SOUTH WEST,904.81
Tilapia fresh fish (Epiya),2024-11-01,NORTH CENTRAL,3342.0
Tilapia fresh fish (Epiya),2024-11-01,NORTH EAST,2878.33
Tilapia fresh fish (Epiya),2024-11-01,NORTH WEST,3382.93
Tilapia fresh fish (Epiya),2024-11-01,SOUTH EAST,5689.52
Tilapia fresh fish (Epiya),2024-11-01,SOUTH SOUTH,4900.55
Tilapia fresh fish (Epiya),2024-11-01,SOUTH WEST,4545.12
"Titus, frozen",2024-11-01,NORTH CENTRAL,3817.82
"Titus, frozen",2024-11-01,NORTH EAST,4120.04
"Titus, frozen",2024-11-01,NORTH WEST,5433.53
"Titus, frozen",2024-11-01,SOUTH EAST,5409.23
"Titus, frozen",2024-11-01,SOUTH SOUTH,4809.0
"Titus, frozen",2024-11-01,SOUTH WEST,4302.08
"Tomatoes, fresh",2024-11-01,NORTH CENTRAL,1934.75
"Tomatoes, fresh",2024-11-01,NORTH EAST,1028.79
"Tomatoes, fresh",2024-11-01,NORTH WEST,741.42
"Tomatoes, fresh",2024-11-01,SOUTH EAST,2165.3
"Tomatoes, fresh",2024-11-01,SOUTH SOUTH,1689.9
"Tomatoes, fresh",2024-11-01,SOUTH WEST,1433.12
"Vegetable Oil, 75cl",2024-11-01,NORTH CENTRAL,2699.87
"Vegetable Oil, 75cl",2024-11-01,NORTH EAST,2901.86
"Vegetable Oil, 75cl",2024-11-01,NORTH WEST,3010.87
"Vegetable Oil, 75cl",2024-11-01,SOUTH EAST,3579.76
"Vegetable Oil, 75cl",2024-11-01,SOUTH SOUTH,3169.03
"Vegetable Oil, 75cl",2024-11-01,SOUTH WEST,3690.25
"Wheat Flour, Prepacked (2kg)",2024-11-01,NORTH CENTRAL,3861.11
"Wheat Flour, Prepacked (2kg)",2024-11-01,NORTH EAST,3280.9
"Wheat Flour, Prepacked (2kg)",2024-11-01,NORTH WEST,4291.71
"Wheat Flour, Prepacked (2kg)",2024-11-01,SOUTH EAST,4179.59
"Wheat Flour, Prepacked (2kg)",2024-11-01,SOUTH SOUTH,3946.26
"Wheat Flour, Prepacked (2kg)",2024-11-01,SOUTH WEST,3330.99
Yam Tuber,2024-11-01,NORTH CENTRAL,2346.91
Yam Tuber,2024-11-01,NORTH EAST,1280.2
Yam Tuber,2024-11-01,NORTH WEST,1531.1
Yam Tuber,2024-11-01,SOUTH EAST,1584.99
Yam Tuber,2024-11-01,SOUTH SOUTH,2139.69
Yam Tuber,2024-11-01,SOUTH WEST,2056.99
Agric eggs medium size,2024-12-01,NORTH CENTRAL,2942.66
Agric eggs medium size,2024-12-01,NORTH EAST,3011.62
Agric eggs medium size,2024-12-01,NORTH WEST,2590.69
Agric eggs medium size,2024-12-01,SOUTH EAST,3134.6
Agric eggs medium size,2024-12-01,SOUTH SOUTH,2858.46
Agric eggs medium size,2024-12-01,SOUTH WEST,2741.48
Agric hen eggs,2024-12-01,NORTH CENTRAL,247.95
Agric hen eggs,2024-12-01,NORTH EAST,244.19
Agric hen eggs,2024-12-01,NORTH WEST,234.15
Agric hen eggs,2024-12-01,SOUTH EAST,265.37
Agric hen eggs,2024-12-01,SOUTH SOUTH,270.47
Agric hen eggs,2024-12-01,SOUTH WEST,256.78
Beans Brown,2024-12-01,NORTH CENTRAL,2806.74
Beans Brown,2024-12-01,NORTH EAST,2303.54
Beans Brown,2024-12-01,NORTH WEST,2089.7
Beans Brown,2024-12-01,SOUTH EAST,2695.03
Beans Brown,2024-12-01,SOUTH SOUTH,2863.94
Beans Brown,2024-12-01,SOUTH WEST,2298.97
Beans white,2024-12-01,NORTH CENTRAL,2721.92
Beans white,2024-12-01,NORTH EAST,2031.35
Beans white,2024-12-01,NORTH WEST,1950.55
Beans white,2024-12-01,SOUTH EAST,2442.5
Beans white,2024-12-01,SOUTH SOUTH,2732.78
Beans white,2024-12-01,SOUTH WEST,2050.0
Beef Bone in,2024-12-01,NORTH CENTRAL,5554.02
Beef Bone in,2024-12-01,NORTH EAST,4594.06
Beef Bone in,2024-12-01,NORTH WEST,4629.38
Beef Bone in,2024-12-01,SOUTH EAST,4024.81
Beef Bone in,2024-12-01,SOUTH SOUTH,6361.45
Beef Bone in,2024-12-01,SOUTH WEST,5587.82
Beef Boneless,2024-12-01,NORTH CENTRAL,6270.07
Beef Boneless,2024-12-01,NORTH EAST,5551.36
Beef Boneless,2024-12-01,NORTH WEST,5736.88
Beef Boneless,2024-12-01,SOUTH EAST,6823.99
Beef Boneless,2024-12-01,SOUTH SOUTH,6313.58
Beef Boneless,2024-12-01,SOUTH WEST,6366.43
Bread sliced 500g,2024-12-01,NORTH CENTRAL,1529.76
Bread sliced 500g,2024-12-01,NORTH EAST,1489.93
Bread sliced 500g,2024-12-01,NORTH WEST,1601.14
Bread sliced 500g,2024-12-01,SOUTH EAST,1724.21
Bread sliced 500g,2024-12-01,SOUTH SOUTH,1855.78
Bread sliced 500g,2024-12-01,SOUTH WEST,1498.16
Bread unsliced 500g,2024-12-01,NORTH CENTRAL,1553.63
Bread unsliced 500g,2024-12-01,NORTH EAST,1381.31
Bread unsliced 500g,2024-12-01,NORTH WEST,1575.8
Bread unsliced 500g,2024-12-01,SOUTH EAST,1426.53
Bread unsliced 500g,2024-12-01,SOUTH SOUTH,1776.34
Bread unsliced 500g,2024-12-01,SOUTH WEST,1327.35
Local Rice (Broken),2024-12-01,NORTH CENTRAL,2370.21
Local Rice (Broken),2024-12-01,NORTH EAST,1996.69
Local Rice (Broken),2024-12-01,NORTH WEST,1928.87
Local Rice (Broken),2024-12-01,SOUTH EAST,2570.9
Local Rice (Broken),2024-12-01,SOUTH SOUTH,3141.31
Local Rice (Broken),2024-12-01,SOUTH WEST,3196.67
Catfish (obokun) fresh,2024-12-01,NORTH CENTRAL,3644.33
Catfish (obokun) fresh,2024-12-01,NORTH EAST,3852.69
Catfish (obokun) fresh,2024-12-01,NORTH WEST,3695.45
Catfish (obokun) fresh,2024-12-01,SOUTH EAST,4879.71
Catfish (obokun) fresh,2024-12-01,SOUTH SOUTH,5578.25
Catfish (obokun) fresh,2024-12-01,SOUTH WEST,4748.8
Catfish :dried,2024-12-01,NORTH CENTRAL,4919.4
Catfish :dried,2024-12-01,NORTH EAST,6058.63
Catfish :dried,2024-12-01,NORTH WEST,4151.26
Catfish :dried,2024-12-01,SOUTH EAST,11814.04
Catfish :dried,2024-12-01,SOUTH SOUTH,5462.09
Catfish :dried,2024-12-01,SOUTH WEST,5323.63
Catfish Smoked,2024-12-01,NORTH CENTRAL,3971.85
Catfish Smoked,2024-12-01,NORTH EAST,5438.85
Catfish Smoked,2024-12-01,NORTH WEST,3538.83
Catfish Smoked,2024-12-01,SOUTH EAST,5029.67
Catfish Smoked,2024-12-01,SOUTH SOUTH,5048.56
Catfish Smoked,2024-12-01,SOUTH WEST,4155.17
Chicken Feet,2024-12-01,NORTH CENTRAL,3776.5
Chicken Feet,2024-12-01,NORTH EAST,1878.73
Chicken Feet,2024-12-01,NORTH WEST,3266.25
Chicken Feet,2024-12-01,SOUTH EAST,3207.49
Chicken Feet,2024-12-01,SOUTH SOUTH,3980.12
Chicken Feet,2024-12-01,SOUTH WEST,4205.0
Chicken Wings,2024-12-01,NORTH CENTRAL,4916.85
Chicken Wings,2024-12-01,NORTH EAST,3741.89
Chicken Wings,2024-12-01,NORTH WEST,3571.01
Chicken Wings,2024-12-01,SOUTH EAST,4044.28
Chicken Wings,2024-12-01,SOUTH SOUTH,4913.49
Chicken Wings,2024-12-01,SOUTH WEST,5345.83
Dried Fish Sardine,2024-12-01,NORTH CENTRAL,4407.35
Dried Fish Sardine,2024-12-01,NORTH EAST,5323.59
Dried Fish Sardine,2024-12-01,NORTH WEST,4140.94
Dried Fish Sardine,2024-12-01,SOUTH EAST,7192.24
Dried Fish Sardine,2024-12-01,SOUTH SOUTH,4435.04
Dried Fish Sardine,2024-12-01,SOUTH WEST,4543.44
Evaporated tinned milk carnation 170g,2024-12-01,NORTH CENTRAL,858.26
Evaporated tinned milk carnation 170g,2024-12-01,NORTH EAST,1118.61
Evaporated tinned milk carnation 170g,2024-12-01,NORTH WEST,791.42
Evaporated tinned milk carnation 170g,2024-12-01,SOUTH EAST,773.65
Evaporated tinned milk carnation 170g,2024-12-01,SOUTH SOUTH,980.83
Evaporated tinned milk carnation 170g,2024-12-01,SOUTH WEST,803.83
"Evaporated tinned milk(peak), 170g",2024-12-01,NORTH CENTRAL,962.24
"Evaporated tinned milk(peak), 170g",2024-12-01,NORTH EAST,1197.41
"Evaporated tinned milk(peak), 170g",2024-12-01,NORTH WEST,881.21
"Evaporated tinned milk(peak), 170g",2024-12-01,SOUTH EAST,1040.76
"Evaporated tinned milk(peak), 170g",2024-12-01,SOUTH SOUTH,1165.5
"Evaporated tinned milk(peak), 170g",2024-12-01,SOUTH WEST,876.67
Frozen chicken,2024-12-01,NORTH CENTRAL,6224.26
Frozen chicken,2024-12-01,NORTH EAST,7600.43
Frozen chicken,2024-12-01,NORTH WEST,5956.65
Frozen chicken,2024-12-01,SOUTH EAST,8195.16
Frozen chicken,2024-12-01,SOUTH SOUTH,5335.0
Frozen chicken,2024-12-01,SOUTH WEST,5946.02
Garri white,2024-12-01,NORTH CENTRAL,1064.14
Garri white,2024-12-01,NORTH EAST,1251.46
Garri white,2024-12-01,NORTH WEST,1164.64
Garri white,2024-12-01,SOUTH EAST,1234.9
Garri white,2024-12-01,SOUTH SOUTH,1222.34
Garri white,2024-12-01,SOUTH WEST,1202.94
Garri Yellow,2024-12-01,NORTH CENTRAL,1220.21
Garri Yellow,2024-12-01,NORTH EAST,1346.33
Garri Yellow,2024-12-01,NORTH WEST,1190.35
Garri Yellow,2024-12-01,SOUTH EAST,1430.98
Garri Yellow,2024-12-01,SOUTH SOUTH,1275.49
Garri Yellow,2024-12-01,SOUTH WEST,1371.09
"Groundnut oil, 75cl",2024-12-01,NORTH CENTRAL,2610.4
"Groundnut oil, 75cl",2024-12-01,NORTH EAST,3187.0
"Groundnut oil, 75cl",2024-12-01,NORTH WEST,3087.04
"Groundnut oil, 75cl",2024-12-01,SOUTH EAST,3948.97
"Groundnut oil, 75cl",2024-12-01,SOUTH SOUTH,3552.78
"Groundnut oil, 75cl",2024-12-01,SOUTH WEST,3846.11
Iced Sardine,2024-12-01,NORTH CENTRAL,3350.26
Iced Sardine,2024-12-01,NORTH EAST,4775.51
Iced Sardine,2024-12-01,NORTH WEST,3544.0
Iced Sardine,2024-12-01,SOUTH EAST,4255.63
Iced Sardine,2024-12-01,SOUTH SOUTH,4545.32
Iced Sardine,2024-12-01,SOUTH WEST,3843.97
Irish Potato,2024-12-01,NORTH CENTRAL,2195.19
Irish Potato,2024-12-01,NORTH EAST,1276.5
Irish Potato,2024-12-01,NORTH WEST,1303.73
Irish Potato,2024-12-01,SOUTH EAST,1803.6
Irish Potato,2024-12-01,SOUTH SOUTH,2039.82
Irish Potato,2024-12-01,SOUTH WEST,2311.39
Mackerel Frozen,2024-12-01,NORTH CENTRAL,3525.69
Mackerel Frozen,2024-12-01,NORTH EAST,4586.67
Mackerel Frozen,2024-12-01,NORTH WEST,3193.92
Mackerel Frozen,2024-12-01,SOUTH EAST,5597.66
Mackerel Frozen,2024-12-01,SOUTH SOUTH,4983.06
Mackerel Frozen,2024-12-01,SOUTH WEST,4366.54
Maize grain white,2024-12-01,NORTH CENTRAL,1067.34
Maize grain white,2024-12-01,NORTH EAST,1204.85
Maize grain white,2024-12-01,NORTH WEST,884.31
Maize grain white,2024-12-01,SOUTH EAST,1354.77
Maize grain white,2024-12-01,SOUTH SOUTH,1335.09
Maize grain white,2024-12-01,SOUTH WEST,1152.83
Maize grain yellow sold loose,2024-12-01,NORTH CENTRAL,1086.91
Maize grain yellow sold loose,2024-12-01,NORTH EAST,1199.08
Maize grain yellow sold loose,2024-12-01,NORTH WEST,882.4
Maize grain yellow sold loose,2024-12-01,SOUTH EAST,1378.77
Maize grain yellow sold loose,2024-12-01,SOUTH SOUTH,1352.25
Maize grain yellow sold loose,2024-12-01,SOUTH WEST,1156.83
Mudfish (aro) fresh,2024-12-01,NORTH CENTRAL,3479.19
Mudfish (aro) fresh,2024-12-01,NORTH EAST,3927.67
Mudfish (aro) fresh,2024-12-01,NORTH WEST,3280.6
Mudfish (aro) fresh,2024-12-01,SOUTH EAST,4225.53
Mudfish (aro) fresh,2024-12-01,SOUTH SOUTH,5244.71
Mudfish (aro) fresh,2024-12-01,SOUTH WEST,5114.43
Mudfish : dried,2024-12-01,NORTH CENTRAL,3894.27
Mudfish : dried,2024-12-01,NORTH EAST,6226.53
Mudfish : dried,2024-12-01,NORTH WEST,3783.8
Mudfish : dried,2024-12-01,SOUTH EAST,10927.7
Mudfish : dried,2024-12-01,SOUTH SOUTH,4816.55
Mudfish : dried,2024-12-01,SOUTH WEST,5625.5
Onions fresh,2024-12-01,NORTH CENTRAL,1773.76
Onions fresh,2024-12-01,NORTH EAST,2047.24
Onions fresh,2024-12-01,NORTH WEST,1395.92
Onions fresh,2024-12-01,SOUTH EAST,3035.62
Onions fresh,2024-12-01,SOUTH SOUTH,2504.95
Onions fresh,2024-12-01,SOUTH WEST,1910.0
"Palm oil, 75cl",2024-12-01,NORTH CENTRAL,2007.89
"Palm oil, 75cl",2024-12-01,NORTH EAST,2722.31
"Palm oil, 75cl",2024-12-01,NORTH WEST,3096.13
"Palm oil, 75cl",2024-12-01,SOUTH EAST,2552.38
"Palm oil, 75cl",2024-12-01,SOUTH SOUTH,2457.71
"Palm oil, 75cl",2024-12-01,SOUTH WEST,2662.78
Plantain (ripe),2024-12-01,NORTH CENTRAL,1268.67
Plantain (ripe),2024-12-01,NORTH EAST,1084.17
Plantain (ripe),2024-12-01,NORTH WEST,1420.95
Plantain (ripe),2024-12-01,SOUTH EAST,1613.44
Plantain (ripe),2024-12-01,SOUTH SOUTH,1900.55
Plantain (ripe),2024-12-01,SOUTH WEST,1990.56
Plantain (unripe),2024-12-01,NORTH CENTRAL,1242.86
Plantain (unripe),2024-12-01,NORTH EAST,1028.84
Plantain (unripe),2024-12-01,NORTH WEST,1407.41
Plantain (unripe),2024-12-01,SOUTH EAST,1526.98
Plantain (unripe),2024-12-01,SOUTH SOUTH,1978.3
Plantain (unripe),2024-12-01,SOUTH WEST,2187.67
Rice agric sold loose,2024-12-01,NORTH CENTRAL,2023.54
Rice agric sold loose,2024-12-01,NORTH EAST,2153.73
Rice agric sold loose,2024-12-01,NORTH WEST,1753.66
Rice agric sold loose,2024-12-01,SOUTH EAST,2289.55
Rice agric sold loose,2024-12-01,SOUTH SOUTH,2012.14
Rice agric sold loose,2024-12-01,SOUTH WEST,2082.82
Rice local sold loose,2024-12-01,NORTH CENTRAL,1949.39
Rice local sold loose,2024-12-01,NORTH EAST,1949.17
Rice local sold loose,2024-12-01,NORTH WEST,1714.28
Rice local sold loose,2024-12-01,SOUTH EAST,2145.04
Rice local sold loose,2024-12-01,SOUTH SOUTH,1936.34
Rice local sold loose,2024-12-01,SOUTH WEST,2043.17
Rice Medium Grained,2024-12-01,NORTH CENTRAL,2127.22
Rice Medium Grained,2024-12-01,NORTH EAST,2079.04
Rice Medium Grained,2024-12-01,NORTH WEST,1865.97
Rice Medium Grained,2024-12-01,SOUTH EAST,2299.03
Rice Medium Grained,2024-12-01,SOUTH SOUTH,2018.29
Rice Medium Grained,2024-12-01,SOUTH WEST,2231.17
Rice Long-Grained (Imported),2024-12-01,NORTH CENTRAL,2669.29
Rice Long-Grained (Imported),2024-12-01,NORTH EAST,2258.81
Rice Long-Grained (Imported),2024-12-01,NORTH WEST,2300.49
Rice Long-Grained (Imported),2024-12-01,SOUTH EAST,2853.11
Rice Long-Grained (Imported),2024-12-01,SOUTH SOUTH,2532.22
Rice Long-Grained (Imported),2024-12-01,SOUTH WEST,2578.09
Sweet potatoes,2024-12-01,NORTH CENTRAL,1102.64
Sweet potatoes,2024-12-01,NORTH EAST,660.27
Sweet potatoes,2024-12-01,NORTH WEST,590.44
Sweet potatoes,2024-12-01,SOUTH EAST,671.25
Sweet potatoes,2024-12-01,SOUTH SOUTH,1753.31
Sweet potatoes,2024-12-01,SOUTH WEST,791.67
Tilapia fresh fish (Epiya),2024-12-01,NORTH CENTRAL,3402.79
Tilapia fresh fish (Epiya),2024-12-01,NORTH EAST,3106.52
Tilapia fresh fish (Epiya),2024-12-01,NORTH WEST,3335.09
Tilapia fresh fish (Epiya),2024-12-01,SOUTH EAST,5740.47
Tilapia fresh fish (Epiya),2024-12-01,SOUTH SOUTH,4974.48
Tilapia fresh fish (Epiya),2024-12-01,SOUTH WEST,4599.17
"Titus, frozen",2024-12-01,NORTH CENTRAL,3873.2
"Titus, frozen",2024-12-01,NORTH EAST,4351.03
"Titus, frozen",2024-12-01,NORTH WEST,5446.78
"Titus, frozen",2024-12-01,SOUTH EAST,5624.14
"Titus, frozen",2024-12-01,SOUTH SOUTH,4872.39
"Titus, frozen",2024-12-01,SOUTH WEST,4355.0
"Tomatoes, fresh",2024-12-01,NORTH CENTRAL,1959.11
"Tomatoes, fresh",2024-12-01,NORTH EAST,1024.29
"Tomatoes, fresh",2024-12-01,NORTH WEST,734.66
"Tomatoes, fresh",2024-12-01,SOUTH EAST,2228.5
"Tomatoes, fresh",2024-12-01,SOUTH SOUTH,1585.28
"Tomatoes, fresh",2024-12-01,SOUTH WEST,1353.83
"Vegetable Oil, 75cl",2024-12-01,NORTH CENTRAL,2621.66
"Vegetable Oil, 75cl",2024-12-01,NORTH EAST,3361.69
"Vegetable Oil, 75cl",2024-12-01,NORTH WEST,3073.46
"Vegetable Oil, 75cl",2024-12-01,SOUTH EAST,3989.91
"Vegetable Oil, 75cl",2024-12-01,SOUTH SOUTH,3523.27
"Vegetable Oil, 75cl",2024-12-01,SOUTH WEST,3883.27
"Wheat Flour, Prepacked (2kg)",2024-12-01,NORTH CENTRAL,3896.19
"Wheat Flour, Prepacked (2kg)",2024-12-01,NORTH EAST,3403.44
"Wheat Flour, Prepacked (2kg)",2024-12-01,NORTH WEST,4314.44
"Wheat Flour, Prepacked (2kg)",2024-12-01,SOUTH EAST,4182.98
"Wheat Flour, Prepacked (2kg)",2024-12-01,SOUTH SOUTH,3978.24
"Wheat Flour, Prepacked (2kg)",2024-12-01,SOUTH WEST,3427.54
Yam Tuber,2024-12-01,NORTH CENTRAL,2386.28
Yam Tuber,2024-12-01,NORTH EAST,1338.18
Yam Tuber,2024-12-01,NORTH WEST,1554.12
Yam Tuber,2024-12-01,SOUTH EAST,1637.0
Yam Tuber,2024-12-01,SOUTH SOUTH,2388.08
Yam Tuber,2024-12-01,SOUTH WEST,2065.5
Agric hen eggs,2025-01-01,NORTH CENTRAL,237.39
Agric hen eggs,2025-01-01,NORTH EAST,231.67
Agric hen eggs,2025-01-01,NORTH WEST,239.19
Agric hen eggs,2025-01-01,SOUTH EAST,280.29
Agric hen eggs,2025-01-01,SOUTH SOUTH,257.5
Agric hen eggs,2025-01-01,SOUTH WEST,250.83
"Agric hen eggs, (a Crate of 30 pieces)",2025-01-01,NORTH CENTRAL,5311.29
"Agric hen eggs, (a Crate of 30 pieces)",2025-01-01,NORTH EAST,6250.0
"Agric hen eggs, (a Crate of 30 pieces)",2025-01-01,NORTH WEST,5712.5
"Agric hen eggs, (a Crate of 30 pieces)",2025-01-01,SOUTH EAST,6293.44
"Agric hen eggs, (a Crate of 30 pieces)",2025-01-01,SOUTH SOUTH,5992.92
"Agric hen eggs, (a Crate of 30 pieces)",2025-01-01,SOUTH WEST,5900.0
Beans Brown,2025-01-01,NORTH CENTRAL,2580.8
Beans Brown,2025-01-01,NORTH EAST,2434.87
Beans Brown,2025-01-01,NORTH WEST,1836.71
Beans Brown,2025-01-01,SOUTH EAST,2999.59
Beans Brown,2025-01-01,SOUTH SOUTH,2690.45
Beans Brown,2025-01-01,SOUTH WEST,2382.22
Beans white,2025-01-01,NORTH CENTRAL,2162.48
Beans white,2025-01-01,NORTH EAST,1994.33
Beans white,2025-01-01,NORTH WEST,1578.71
Beans white,2025-01-01,SOUTH EAST,2633.14
Beans white,2025-01-01,SOUTH SOUTH,2566.48
Beans white,2025-01-01,SOUTH WEST,1977.28
Beef Boneless,2025-01-01,NORTH CENTRAL,5800.13
Beef Boneless,2025-01-01,NORTH EAST,5671.11
Beef Boneless,2025-01-01,NORTH WEST,5417.14
Beef Boneless,2025-01-01,SOUTH EAST,7590.05
Beef Boneless,2025-01-01,SOUTH SOUTH,6417.16
Beef Boneless,2025-01-01,SOUTH WEST,6255.7
"Bread (sliced), 450g",2025-01-01,NORTH CENTRAL,1685.16
"Bread (sliced), 450g",2025-01-01,NORTH EAST,1470.18
"Bread (sliced), 450g",2025-01-01,NORTH WEST,1645.29
"Bread (sliced), 450g",2025-01-01,SOUTH EAST,1499.78
"Bread (sliced), 450g",2025-01-01,SOUTH SOUTH,1671.67
"Bread (sliced), 450g",2025-01-01,SOUTH WEST,1618.98
"Bread (unsliced), 450g",2025-01-01,NORTH CENTRAL,1493.3
"Bread (unsliced), 450g",2025-01-01,NORTH EAST,1196.87
"Bread (unsliced), 450g",2025-01-01,NORTH WEST,1612.03
"Bread (unsliced), 450g",2025-01-01,SOUTH EAST,1355.72
"Bread (unsliced), 450g",2025-01-01,SOUTH SOUTH,1692.01
"Bread (unsliced), 450g",2025-01-01,SOUTH WEST,1318.52
"Carrots, fresh",2025-01-01,NORTH CENTRAL,1491.43
"Carrots, fresh",2025-01-01,NORTH EAST,1610.0
"Carrots, fresh",2025-01-01,NORTH WEST,1521.29
"Carrots, fresh",2025-01-01,SOUTH EAST,2012.9
"Carrots, fresh",2025-01-01,SOUTH SOUTH,2253.79
"Carrots, fresh",2025-01-01,SOUTH WEST,1964.79
Catfish (obokun) fresh,2025-01-01,NORTH CENTRAL,6282.98
Catfish (obokun) fresh,2025-01-01,NORTH EAST,5088.1
Catfish (obokun) fresh,2025-01-01,NORTH WEST,4109.82
Catfish (obokun) fresh,2025-01-01,SOUTH EAST,5510.78
Catfish (obokun) fresh,2025-01-01,SOUTH SOUTH,5455.39
Catfish (obokun) fresh,2025-01-01,SOUTH WEST,4971.62
Chicken Feet,2025-01-01,NORTH CENTRAL,3582.52
Chicken Feet,2025-01-01,NORTH EAST,2791.67
Chicken Feet,2025-01-01,NORTH WEST,2329.61
Chicken Feet,2025-01-01,SOUTH EAST,3146.6
Chicken Feet,2025-01-01,SOUTH SOUTH,3767.17
Chicken Feet,2025-01-01,SOUTH WEST,4232.22
Frozen chicken,2025-01-01,NORTH CENTRAL,6071.74
Frozen chicken,2025-01-01,NORTH EAST,4550.0
Frozen chicken,2025-01-01,NORTH WEST,4400.0
Frozen chicken,2025-01-01,SOUTH EAST,7440.0
Frozen chicken,2025-01-01,SOUTH SOUTH,5381.33
Frozen chicken,2025-01-01,SOUTH WEST,5550.0
Chicken Wings,2025-01-01,NORTH CENTRAL,4609.04
Chicken Wings,2025-01-01,NORTH EAST,3451.54
Chicken Wings,2025-01-01,NORTH WEST,3809.71
Chicken Wings,2025-01-01,SOUTH EAST,4430.92
Chicken Wings,2025-01-01,SOUTH SOUTH,4847.22
Chicken Wings,2025-01-01,SOUTH WEST,4950.93
Cray fish small white,2025-01-01,NORTH CENTRAL,6954.08
Cray fish small white,2025-01-01,NORTH EAST,6705.56
Cray fish small white,2025-01-01,NORTH WEST,6730.19
Cray fish small white,2025-01-01,SOUTH EAST,6078.96
Cray fish small white,2025-01-01,SOUTH SOUTH,4683.33
Cray fish small white,2025-01-01,SOUTH WEST,5980.41
"Dried fish, Bonga",2025-01-01,NORTH CENTRAL,7392.07
"Dried fish, Bonga",2025-01-01,NORTH EAST,5408.18
"Dried fish, Bonga",2025-01-01,NORTH WEST,5263.59
"Dried fish, Bonga",2025-01-01,SOUTH EAST,8147.92
"Dried fish, Bonga",2025-01-01,SOUTH SOUTH,5575.82
"Dried fish, Bonga",2025-01-01,SOUTH WEST,5275.0
Garri white,2025-01-01,NORTH CENTRAL,1212.77
Garri white,2025-01-01,NORTH EAST,1336.26
Garri white,2025-01-01,NORTH WEST,1499.03
Garri white,2025-01-01,SOUTH EAST,1291.21
Garri white,2025-01-01,SOUTH SOUTH,1224.51
Garri white,2025-01-01,SOUTH WEST,1016.54
Garri Yellow,2025-01-01,NORTH CENTRAL,1269.21
Garri Yellow,2025-01-01,NORTH EAST,1494.03
Garri Yellow,2025-01-01,NORTH WEST,1575.88
Garri Yellow,2025-01-01,SOUTH EAST,1348.0
Garri Yellow,2025-01-01,SOUTH SOUTH,1303.18
Garri Yellow,2025-01-01,SOUTH WEST,1140.43
"Ginger, fresh",2025-01-01,NORTH CENTRAL,4050.7
"Ginger, fresh",2025-01-01,NORTH EAST,3949.17
"Ginger, fresh",2025-01-01,NORTH WEST,3483.57
"Ginger, fresh",2025-01-01,SOUTH EAST,4623.34
"Ginger, fresh",2025-01-01,SOUTH SOUTH,4650.0
"Ginger, fresh",2025-01-01,SOUTH WEST,4700.0
Goat Meat Bone in,2025-01-01,NORTH CENTRAL,5276.53
Goat Meat Bone in,2025-01-01,NORTH EAST,5457.26
Goat Meat Bone in,2025-01-01,NORTH WEST,5511.52
Goat Meat Bone in,2025-01-01,SOUTH EAST,7629.24
Goat Meat Bone in,2025-01-01,SOUTH SOUTH,7025.88
Goat Meat Bone in,2025-01-01,SOUTH WEST,6820.98
"Groundnut oil, 75cl",2025-01-01,NORTH CENTRAL,2601.2
"Groundnut oil, 75cl",2025-01-01,NORTH EAST,2702.78
"Groundnut oil, 75cl",2025-01-01,NORTH WEST,2683.28
"Groundnut oil, 75cl",2025-01-01,SOUTH EAST,2850.17
"Groundnut oil, 75cl",2025-01-01,SOUTH SOUTH,3498.61
"Groundnut oil, 75cl",2025-01-01,SOUTH WEST,3386.61
"Groundnuts, roasted,75cl bottle",2025-01-01,NORTH CENTRAL,2328.29
"Groundnuts, roasted,75cl bottle",2025-01-01,NORTH EAST,2150.0
"Groundnuts, roasted,75cl bottle",2025-01-01,NORTH WEST,2191.64
"Groundnuts, roasted,75cl bottle",2025-01-01,SOUTH EAST,2660.0
"Groundnuts, roasted,75cl bottle",2025-01-01,SOUTH SOUTH,2761.67
"Groundnuts, roasted,75cl bottle",2025-01-01,SOUTH WEST,2322.92
Irish Potato,2025-01-01,NORTH CENTRAL,1714.86
Irish Potato,2025-01-01,NORTH EAST,1243.15
Irish Potato,2025-01-01,NORTH WEST,1341.65
Irish Potato,2025-01-01,SOUTH EAST,2381.17
Irish Potato,2025-01-01,SOUTH SOUTH,2051.97
Irish Potato,2025-01-01,SOUTH WEST,2198.61
Local Rice (Broken),2025-01-01,NORTH CENTRAL,3005.13
Local Rice (Broken),2025-01-01,NORTH EAST,1619.74
Local Rice (Broken),2025-01-01,NORTH WEST,1571.4
Local Rice (Broken),2025-01-01,SOUTH EAST,2294.64
Local Rice (Broken),2025-01-01,SOUTH SOUTH,3157.67
Local Rice (Broken),2025-01-01,SOUTH WEST,3438.06
Mackerel Frozen,2025-01-01,NORTH CENTRAL,7344.78
Mackerel Frozen,2025-01-01,NORTH EAST,4919.12
Mackerel Frozen,2025-01-01,NORTH WEST,4486.13
Mackerel Frozen,2025-01-01,SOUTH EAST,4463.49
Mackerel Frozen,2025-01-01,SOUTH SOUTH,4768.21
Mackerel Frozen,2025-01-01,SOUTH WEST,4350.17
Maize grain white,2025-01-01,NORTH CENTRAL,1017.49
Maize grain white,2025-01-01,NORTH EAST,1052.0
Maize grain white,2025-01-01,NORTH WEST,1003.78
Maize grain white,2025-01-01,SOUTH EAST,1433.63
Maize grain white,2025-01-01,SOUTH SOUTH,1387.84
Maize grain white,2025-01-01,SOUTH WEST,1212.06
Onions fresh,2025-01-01,NORTH CENTRAL,1210.56
Onions fresh,2025-01-01,NORTH EAST,743.61
Onions fresh,2025-01-01,NORTH WEST,1116.04
Onions fresh,2025-01-01,SOUTH EAST,1766.96
Onions fresh,2025-01-01,SOUTH SOUTH,2359.93
Onions fresh,2025-01-01,SOUTH WEST,1143.29
"Palm oil, 75cl",2025-01-01,NORTH CENTRAL,2057.84
"Palm oil, 75cl",2025-01-01,NORTH EAST,1907.78
"Palm oil, 75cl",2025-01-01,NORTH WEST,2552.78
"Palm oil, 75cl",2025-01-01,SOUTH EAST,2329.09
"Palm oil, 75cl",2025-01-01,SOUTH SOUTH,2435.07
"Palm oil, 75cl",2025-01-01,SOUTH WEST,2702.7
Plantain (ripe),2025-01-01,NORTH CENTRAL,1961.87
Plantain (ripe),2025-01-01,NORTH EAST,1799.23
Plantain (ripe),2025-01-01,NORTH WEST,1716.07
Plantain (ripe),2025-01-01,SOUTH EAST,2020.14
Plantain (ripe),2025-01-01,SOUTH SOUTH,1992.35
Plantain (ripe),2025-01-01,SOUTH WEST,1802.87
Plantain (unripe),2025-01-01,NORTH CENTRAL,2297.0
Plantain (unripe),2025-01-01,NORTH EAST,2104.49
Plantain (unripe),2025-01-01,NORTH WEST,1910.57
Plantain (unripe),2025-01-01,SOUTH EAST,2180.17
Plantain (unripe),2025-01-01,SOUTH SOUTH,2342.53
Plantain (unripe),2025-01-01,SOUTH WEST,1894.94
"Rice Local, short-Grained",2025-01-01,NORTH CENTRAL,2079.87
"Rice Local, short-Grained",2025-01-01,NORTH EAST,1952.31
"Rice Local, short-Grained",2025-01-01,NORTH WEST,2038.76
"Rice Local, short-Grained",2025-01-01,SOUTH EAST,1971.71
"Rice Local, short-Grained",2025-01-01,SOUTH SOUTH,2271.33
"Rice Local, short-Grained",2025-01-01,SOUTH WEST,2080.85
Rice Long-Grained (Imported),2025-01-01,NORTH CENTRAL,2532.21
Rice Long-Grained (Imported),2025-01-01,NORTH EAST,2241.34
Rice Long-Grained (Imported),2025-01-01,NORTH WEST,2678.39
Rice Long-Grained (Imported),2025-01-01,SOUTH EAST,2497.24
Rice Long-Grained (Imported),2025-01-01,SOUTH SOUTH,2626.58
Rice Long-Grained (Imported),2025-01-01,SOUTH WEST,2422.47
"Semovita, Prepacked (1kg)",2025-01-01,NORTH CENTRAL,2118.12
"Semovita, Prepacked (1kg)",2025-01-01,NORTH EAST,2091.67
"Semovita, Prepacked (1kg)",2025-01-01,NORTH WEST,1771.43
"Semovita, Prepacked (1kg)",2025-01-01,SOUTH EAST,2365.27
"Semovita, Prepacked (1kg)",2025-01-01,SOUTH SOUTH,2252.08
"Semovita, Prepacked (1kg)",2025-01-01,SOUTH WEST,1924.72
Smoked fish,2025-01-01,NORTH CENTRAL,5704.25
Smoked fish,2025-01-01,NORTH EAST,5433.33
Smoked fish,2025-01-01,NORTH WEST,4161.76
Smoked fish,2025-01-01,SOUTH EAST,5513.49
Smoked fish,2025-01-01,SOUTH SOUTH,6190.48
Smoked fish,2025-01-01,SOUTH WEST,5618.33
Sweet potatoes,2025-01-01,NORTH CENTRAL,723.0
Sweet potatoes,2025-01-01,NORTH EAST,796.31
Sweet potatoes,2025-01-01,NORTH WEST,676.73
Sweet potatoes,2025-01-01,SOUTH EAST,830.22
Sweet potatoes,2025-01-01,SOUTH SOUTH,1500.54
Sweet potatoes,2025-01-01,SOUTH WEST,635.45
Tilapia fresh fish (Epiya),2025-01-01,NORTH CENTRAL,5851.97
Tilapia fresh fish (Epiya),2025-01-01,NORTH EAST,4900.0
Tilapia fresh fish (Epiya),2025-01-01,NORTH WEST,4627.44
Tilapia fresh fish (Epiya),2025-01-01,SOUTH EAST,5121.73
Tilapia fresh fish (Epiya),2025-01-01,SOUTH SOUTH,4805.0
Tilapia fresh fish (Epiya),2025-01-01,SOUTH WEST,5037.31
"Tin Milk-Evaporated, Peak Milk, 150g",2025-01-01,NORTH CENTRAL,899.84
"Tin Milk-Evaporated, Peak Milk, 150g",2025-01-01,NORTH EAST,950.0
"Tin Milk-Evaporated, Peak Milk, 150g",2025-01-01,NORTH WEST,856.43
"Tin Milk-Evaporated, Peak Milk, 150g",2025-01-01,SOUTH EAST,1030.0
"Tin Milk-Evaporated, Peak Milk, 150g",2025-01-01,SOUTH SOUTH,943.75
"Tin Milk-Evaporated, Peak Milk, 150g",2025-01-01,SOUTH WEST,921.62
"Tin Milk-Evaporated, Three Crown Milk, 160g",2025-01-01,NORTH CENTRAL,768.78
"Tin Milk-Evaporated, Three Crown Milk, 160g",2025-01-01,NORTH EAST,856.67
"Tin Milk-Evaporated, Three Crown Milk, 160g",2025-01-01,NORTH WEST,805.71
"Tin Milk-Evaporated, Three Crown Milk, 160g",2025-01-01,SOUTH EAST,816.0
"Tin Milk-Evaporated, Three Crown Milk, 160g",2025-01-01,SOUTH SOUTH,970.0
"Tin Milk-Evaporated, Three Crown Milk, 160g",2025-01-01,SOUTH WEST,819.35
"Titus, frozen",2025-01-01,NORTH CENTRAL,6647.79
"Titus, frozen",2025-01-01,NORTH EAST,4825.56
"Titus, frozen",2025-01-01,NORTH WEST,5878.1
"Titus, frozen",2025-01-01,SOUTH EAST,5187.19
"Titus, frozen",2025-01-01,SOUTH SOUTH,5248.51
"Titus, frozen",2025-01-01,SOUTH WEST,4704.34
"Tomatoes, fresh",2025-01-01,NORTH CENTRAL,952.3
"Tomatoes, fresh",2025-01-01,NORTH EAST,768.33
"Tomatoes, fresh",2025-01-01,NORTH WEST,790.46
"Tomatoes, fresh",2025-01-01,SOUTH EAST,1611.54
"Tomatoes, fresh",2025-01-01,SOUTH SOUTH,1208.34
"Tomatoes, fresh",2025-01-01,SOUTH WEST,1316.03
"Vegetable Oil, 75cl",2025-01-01,NORTH CENTRAL,2731.42
"Vegetable Oil, 75cl",2025-01-01,NORTH EAST,2617.59
"Vegetable Oil, 75cl",2025-01-01,NORTH WEST,2625.36
"Vegetable Oil, 75cl",2025-01-01,SOUTH EAST,2846.77
"Vegetable Oil, 75cl",2025-01-01,SOUTH SOUTH,3500.0
"Vegetable Oil, 75cl",2025-01-01,SOUTH WEST,3612.29
"Watermelon whole, medium size fresh",2025-01-01,NORTH CENTRAL,1686.87
"Watermelon whole, medium size fresh",2025-01-01,NORTH EAST,1650.0
"Watermelon whole, medium size fresh",2025-01-01,NORTH WEST,1396.4
"Watermelon whole, medium size fresh",2025-01-01,SOUTH EAST,2369.36
"Watermelon whole, medium size fresh",2025-01-01,SOUTH SOUTH,2362.75
"Watermelon whole, medium size fresh",2025-01-01,SOUTH WEST,1829.17
"Wheat Flour, Prepacked (2kg)",2025-01-01,NORTH CENTRAL,3541.16
"Wheat Flour, Prepacked (2kg)",2025-01-01,NORTH EAST,3829.03
"Wheat Flour, Prepacked (2kg)",2025-01-01,NORTH WEST,3735.71
"Wheat Flour, Prepacked (2kg)",2025-01-01,SOUTH EAST,5072.23
"Wheat Flour, Prepacked (2kg)",2025-01-01,SOUTH SOUTH,3796.88
"Wheat Flour, Prepacked (2kg)",2025-01-01,SOUTH WEST,3382.98
Yam Tuber,2025-01-01,NORTH CENTRAL,1885.11
Yam Tuber,2025-01-01,NORTH EAST,1704.44
Yam Tuber,2025-01-01,NORTH WEST,2043.02
Yam Tuber,2025-01-01,SOUTH EAST,2140.46
Yam Tuber,2025-01-01,SOUTH SOUTH,2248.65
Yam Tuber,2025-01-01,SOUTH WEST,1960.24
Agric hen eggs,2025-02-01,NORTH CENTRAL,244.88
Agric hen eggs,2025-02-01,NORTH EAST,239.17
Agric hen eggs,2025-02-01,NORTH WEST,238.57
Agric hen eggs,2025-02-01,SOUTH EAST,280.31
Agric hen eggs,2025-02-01,SOUTH SOUTH,259.35
Agric hen eggs,2025-02-01,SOUTH WEST,257.5
"Agric hen eggs, (a Crate of 30 pieces)",2025-02-01,NORTH CENTRAL,5543.43
"Agric hen eggs, (a Crate of 30 pieces)",2025-02-01,NORTH EAST,6291.67
"Agric hen eggs, (a Crate of 30 pieces)",2025-02-01,NORTH WEST,5772.86
"Agric hen eggs, (a Crate of 30 pieces)",2025-02-01,SOUTH EAST,6469.76
"Agric hen eggs, (a Crate of 30 pieces)",2025-02-01,SOUTH SOUTH,5912.04
"Agric hen eggs, (a Crate of 30 pieces)",2025-02-01,SOUTH WEST,6055.21
Beans Brown,2025-02-01,NORTH CENTRAL,2688.11
Beans Brown,2025-02-01,NORTH EAST,2449.85
Beans Brown,2025-02-01,NORTH WEST,1803.67
Beans Brown,2025-02-01,SOUTH EAST,3025.2
Beans Brown,2025-02-01,SOUTH SOUTH,2667.57
Beans Brown,2025-02-01,SOUTH WEST,2327.94
Beans white,2025-02-01,NORTH CENTRAL,2079.59
Beans white,2025-02-01,NORTH EAST,1994.84
Beans white,2025-02-01,NORTH WEST,1625.25
Beans white,2025-02-01,SOUTH EAST,2650.79
Beans white,2025-02-01,SOUTH SOUTH,2514.76
Beans white,2025-02-01,SOUTH WEST,1997.45
Beef Boneless,2025-02-01,NORTH CENTRAL,5772.78
Beef Boneless,2025-02-01,NORTH EAST,6086.11
Beef Boneless,2025-02-01,NORTH WEST,5593.57
Beef Boneless,2025-02-01,SOUTH EAST,7951.88
Beef Boneless,2025-02-01,SOUTH SOUTH,6435.25
Beef Boneless,2025-02-01,SOUTH WEST,6253.0
"Bread (sliced), 450g",2025-02-01,NORTH CENTRAL,1705.87
"Bread (sliced), 450g",2025-02-01,NORTH EAST,1531.29
"Bread (sliced), 450g",2025-02-01,NORTH WEST,1680.58
"Bread (sliced), 450g",2025-02-01,SOUTH EAST,1550.0
"Bread (sliced), 450g",2025-02-01,SOUTH SOUTH,1675.73
"Bread (sliced), 450g",2025-02-01,SOUTH WEST,1621.76
"Bread (unsliced), 450g",2025-02-01,NORTH CENTRAL,1552.59
"Bread (unsliced), 450g",2025-02-01,NORTH EAST,1227.13
"Bread (unsliced), 450g",2025-02-01,NORTH WEST,1668.7
"Bread (unsliced), 450g",2025-02-01,SOUTH EAST,1424.75
"Bread (unsliced), 450g",2025-02-01,SOUTH SOUTH,1746.67
"Bread (unsliced), 450g",2025-02-01,SOUTH WEST,1314.87
"Carrots, fresh",2025-02-01,NORTH CENTRAL,1552.86
"Carrots, fresh",2025-02-01,NORTH EAST,1663.33
"Carrots, fresh",2025-02-01,NORTH WEST,1532.12
"Carrots, fresh",2025-02-01,SOUTH EAST,2087.26
"Carrots, fresh",2025-02-01,SOUTH SOUTH,2256.06
"Carrots, fresh",2025-02-01,SOUTH WEST,2080.07
Catfish (obokun) fresh,2025-02-01,NORTH CENTRAL,6438.96
Catfish (obokun) fresh,2025-02-01,NORTH EAST,5058.33
Catfish (obokun) fresh,2025-02-01,NORTH WEST,4102.26
Catfish (obokun) fresh,2025-02-01,SOUTH EAST,5609.58
Catfish (obokun) fresh,2025-02-01,SOUTH SOUTH,5537.68
Catfish (obokun) fresh,2025-02-01,SOUTH WEST,5018.13
Chicken Feet,2025-02-01,NORTH CENTRAL,3753.75
Chicken Feet,2025-02-01,NORTH EAST,2846.67
Chicken Feet,2025-02-01,NORTH WEST,2428.95
Chicken Feet,2025-02-01,SOUTH EAST,3176.63
Chicken Feet,2025-02-01,SOUTH SOUTH,3788.09
Chicken Feet,2025-02-01,SOUTH WEST,4142.42
Frozen chicken,2025-02-01,NORTH CENTRAL,5957.14
Frozen chicken,2025-02-01,NORTH EAST,4716.67
Frozen chicken,2025-02-01,NORTH WEST,4581.43
Frozen chicken,2025-02-01,SOUTH EAST,7528.0
Frozen chicken,2025-02-01,SOUTH SOUTH,5420.0
Frozen chicken,2025-02-01,SOUTH WEST,5536.67
Chicken Wings,2025-02-01,NORTH CENTRAL,4579.01
Chicken Wings,2025-02-01,NORTH EAST,3459.88
Chicken Wings,2025-02-01,NORTH WEST,3857.08
Chicken Wings,2025-02-01,SOUTH EAST,4526.21
Chicken Wings,2025-02-01,SOUTH SOUTH,4984.0
Chicken Wings,2025-02-01,SOUTH WEST,5041.01
Cray fish small white,2025-02-01,NORTH CENTRAL,7180.82
Cray fish small white,2025-02-01,NORTH EAST,7006.86
Cray fish small white,2025-02-01,NORTH WEST,6856.45
Cray fish small white,2025-02-01,SOUTH EAST,6420.0
Cray fish small white,2025-02-01,SOUTH SOUTH,4818.33
Cray fish small white,2025-02-01,SOUTH WEST,6164.04
"Dried fish, Bonga",2025-02-01,NORTH CENTRAL,7290.65
"Dried fish, Bonga",2025-02-01,NORTH EAST,5554.63
"Dried fish, Bonga",2025-02-01,NORTH WEST,5095.27
"Dried fish, Bonga",2025-02-01,SOUTH EAST,8580.11
"Dried fish, Bonga",2025-02-01,SOUTH SOUTH,5455.17
"Dried fish, Bonga",2025-02-01,SOUTH WEST,5376.67
Garri white,2025-02-01,NORTH CENTRAL,1231.31
Garri white,2025-02-01,NORTH EAST,1316.72
Garri white,2025-02-01,NORTH WEST,1559.3
Garri white,2025-02-01,SOUTH EAST,1274.51
Garri white,2025-02-01,SOUTH SOUTH,1211.61
Garri white,2025-02-01,SOUTH WEST,1030.22
Garri Yellow,2025-02-01,NORTH CENTRAL,1297.95
Garri Yellow,2025-02-01,NORTH EAST,1465.73
Garri Yellow,2025-02-01,NORTH WEST,1606.6
Garri Yellow,2025-02-01,SOUTH EAST,1398.38
Garri Yellow,2025-02-01,SOUTH SOUTH,1313.42
Garri Yellow,2025-02-01,SOUTH WEST,1165.51
"Ginger, fresh",2025-02-01,NORTH CENTRAL,4271.25
"Ginger, fresh",2025-02-01,NORTH EAST,4072.5
"Ginger, fresh",2025-02-01,NORTH WEST,3598.87
"Ginger, fresh",2025-02-01,SOUTH EAST,4860.87
"Ginger, fresh",2025-02-01,SOUTH SOUTH,4808.33
"Ginger, fresh",2025-02-01,SOUTH WEST,4846.67
Goat Meat Bone in,2025-02-01,NORTH CENTRAL,5166.1
Goat Meat Bone in,2025-02-01,NORTH EAST,5740.4
Goat Meat Bone in,2025-02-01,NORTH WEST,5687.71
Goat Meat Bone in,2025-02-01,SOUTH EAST,7522.5
Goat Meat Bone in,2025-02-01,SOUTH SOUTH,7382.86
Goat Meat Bone in,2025-02-01,SOUTH WEST,6788.38
"Groundnut oil, 75cl",2025-02-01,NORTH CENTRAL,2689.66
"Groundnut oil, 75cl",2025-02-01,NORTH EAST,2977.78
"Groundnut oil, 75cl",2025-02-01,NORTH WEST,2739.83
"Groundnut oil, 75cl",2025-02-01,SOUTH EAST,2904.32
"Groundnut oil, 75cl",2025-02-01,SOUTH SOUTH,3509.88
"Groundnut oil, 75cl",2025-02-01,SOUTH WEST,3503.28
"Groundnuts, roasted,75cl bottle",2025-02-01,NORTH CENTRAL,2285.28
"Groundnuts, roasted,75cl bottle",2025-02-01,NORTH EAST,2133.33
"Groundnuts, roasted,75cl bottle",2025-02-01,NORTH WEST,2357.57
"Groundnuts, roasted,75cl bottle",2025-02-01,SOUTH EAST,2696.25
"Groundnuts, roasted,75cl bottle",2025-02-01,SOUTH SOUTH,2616.37
"Groundnuts, roasted,75cl bottle",2025-02-01,SOUTH WEST,2340.33
Irish Potato,2025-02-01,NORTH CENTRAL,1645.81
Irish Potato,2025-02-01,NORTH EAST,1244.81
Irish Potato,2025-02-01,NORTH WEST,1348.74
Irish Potato,2025-02-01,SOUTH EAST,2309.28
Irish Potato,2025-02-01,SOUTH SOUTH,2076.15
Irish Potato,2025-02-01,SOUTH WEST,2092.18
Local Rice (Broken),2025-02-01,NORTH CENTRAL,3079.57
Local Rice (Broken),2025-02-01,NORTH EAST,1643.46
Local Rice (Broken),2025-02-01,NORTH WEST,1610.63
Local Rice (Broken),2025-02-01,SOUTH EAST,2393.26
Local Rice (Broken),2025-02-01,SOUTH SOUTH,3219.36
Local Rice (Broken),2025-02-01,SOUTH WEST,3488.1
Mackerel Frozen,2025-02-01,NORTH CENTRAL,7346.74
Mackerel Frozen,2025-02-01,NORTH EAST,5333.33
Mackerel Frozen,2025-02-01,NORTH WEST,4613.04
Mackerel Frozen,2025-02-01,SOUTH EAST,4701.53
Mackerel Frozen,2025-02-01,SOUTH SOUTH,4812.31
Mackerel Frozen,2025-02-01,SOUTH WEST,4254.44
Maize grain white,2025-02-01,NORTH CENTRAL,987.34
Maize grain white,2025-02-01,NORTH EAST,988.56
Maize grain white,2025-02-01,NORTH WEST,1110.7
Maize grain white,2025-02-01,SOUTH EAST,1442.03
Maize grain white,2025-02-01,SOUTH SOUTH,1385.84
Maize grain white,2025-02-01,SOUTH WEST,1187.01
Onions fresh,2025-02-01,NORTH CENTRAL,1228.1
Onions fresh,2025-02-01,NORTH EAST,745.93
Onions fresh,2025-02-01,NORTH WEST,1094.86
Onions fresh,2025-02-01,SOUTH EAST,1866.18
Onions fresh,2025-02-01,SOUTH SOUTH,2310.32
Onions fresh,2025-02-01,SOUTH WEST,1139.41
"Palm oil, 75cl",2025-02-01,NORTH CENTRAL,2160.07
"Palm oil, 75cl",2025-02-01,NORTH EAST,2041.67
"Palm oil, 75cl",2025-02-01,NORTH WEST,2549.05
"Palm oil, 75cl",2025-02-01,SOUTH EAST,2446.14
"Palm oil, 75cl",2025-02-01,SOUTH SOUTH,2422.14
"Palm oil, 75cl",2025-02-01,SOUTH WEST,2706.03
Plantain (ripe),2025-02-01,NORTH CENTRAL,2070.6
Plantain (ripe),2025-02-01,NORTH EAST,1808.28
Plantain (ripe),2025-02-01,NORTH WEST,1781.17
Plantain (ripe),2025-02-01,SOUTH EAST,2070.4
Plantain (ripe),2025-02-01,SOUTH SOUTH,1939.81
Plantain (ripe),2025-02-01,SOUTH WEST,1838.93
Plantain (unripe),2025-02-01,NORTH CENTRAL,2384.39
Plantain (unripe),2025-02-01,NORTH EAST,2080.68
Plantain (unripe),2025-02-01,NORTH WEST,1922.71
Plantain (unripe),2025-02-01,SOUTH EAST,2229.91
Plantain (unripe),2025-02-01,SOUTH SOUTH,2337.65
Plantain (unripe),2025-02-01,SOUTH WEST,1819.11
"Rice Local, short-Grained",2025-02-01,NORTH CENTRAL,2099.66
"Rice Local, short-Grained",2025-02-01,NORTH EAST,2031.6
"Rice Local, short-Grained",2025-02-01,NORTH WEST,2097.06
"Rice Local, short-Grained",2025-02-01,SOUTH EAST,2099.11
"Rice Local, short-Grained",2025-02-01,SOUTH SOUTH,2203.94
"Rice Local, short-Grained",2025-02-01,SOUTH WEST,2000.1
Rice Long-Grained (Imported),2025-02-01,NORTH CENTRAL,2667.53
Rice Long-Grained (Imported),2025-02-01,NORTH EAST,2273.68
Rice Long-Grained (Imported),2025-02-01,NORTH WEST,2758.03
Rice Long-Grained (Imported),2025-02-01,SOUTH EAST,2562.98
Rice Long-Grained (Imported),2025-02-01,SOUTH SOUTH,2660.06
Rice Long-Grained (Imported),2025-02-01,SOUTH WEST,2418.67
"Semovita, Prepacked (1kg)",2025-02-01,NORTH CENTRAL,2140.15
"Semovita, Prepacked (1kg)",2025-02-01,NORTH EAST,2111.67
"Semovita, Prepacked (1kg)",2025-02-01,NORTH WEST,1830.0
"Semovita, Prepacked (1kg)",2025-02-01,SOUTH EAST,2403.23
"Semovita, Prepacked (1kg)",2025-02-01,SOUTH SOUTH,2236.25
"Semovita, Prepacked (1kg)",2025-02-01,SOUTH WEST,1904.62
Smoked fish,2025-02-01,NORTH CENTRAL,5743.3
Smoked fish,2025-02-01,NORTH EAST,5493.79
Smoked fish,2025-02-01,NORTH WEST,4405.16
Smoked fish,2025-02-01,SOUTH EAST,5677.3
Smoked fish,2025-02-01,SOUTH SOUTH,6026.96
Smoked fish,2025-02-01,SOUTH WEST,5566.08
Sweet potatoes,2025-02-01,NORTH CENTRAL,713.06
Sweet potatoes,2025-02-01,NORTH EAST,788.69
Sweet potatoes,2025-02-01,NORTH WEST,655.29
Sweet potatoes,2025-02-01,SOUTH EAST,797.35
Sweet potatoes,2025-02-01,SOUTH SOUTH,1426.23
Sweet potatoes,2025-02-01,SOUTH WEST,601.21
Tilapia fresh fish (Epiya),2025-02-01,NORTH CENTRAL,5931.81
Tilapia fresh fish (Epiya),2025-02-01,NORTH EAST,4966.53
Tilapia fresh fish (Epiya),2025-02-01,NORTH WEST,4603.01
Tilapia fresh fish (Epiya),2025-02-01,SOUTH EAST,5050.23
Tilapia fresh fish (Epiya),2025-02-01,SOUTH SOUTH,4888.17
Tilapia fresh fish (Epiya),2025-02-01,SOUTH WEST,5120.46
"Tin Milk-Evaporated, Peak Milk, 150g",2025-02-01,NORTH CENTRAL,936.76
"Tin Milk-Evaporated, Peak Milk, 150g",2025-02-01,NORTH EAST,920.83
"Tin Milk-Evaporated, Peak Milk, 150g",2025-02-01,NORTH WEST,872.14
"Tin Milk-Evaporated, Peak Milk, 150g",2025-02-01,SOUTH EAST,1035.0
"Tin Milk-Evaporated, Peak Milk, 150g",2025-02-01,SOUTH SOUTH,963.69
"Tin Milk-Evaporated, Peak Milk, 150g",2025-02-01,SOUTH WEST,883.97
"Tin Milk-Evaporated, Three Crown Milk, 160g",2025-02-01,NORTH CENTRAL,753.91
"Tin Milk-Evaporated, Three Crown Milk, 160g",2025-02-01,NORTH EAST,846.67
"Tin Milk-Evaporated, Three Crown Milk, 160g",2025-02-01,NORTH WEST,807.86
"Tin Milk-Evaporated, Three Crown Milk, 160g",2025-02-01,SOUTH EAST,838.55
"Tin Milk-Evaporated, Three Crown Milk, 160g",2025-02-01,SOUTH SOUTH,945.19
"Tin Milk-Evaporated, Three Crown Milk, 160g",2025-02-01,SOUTH WEST,789.06
"Titus, frozen",2025-02-01,NORTH CENTRAL,6629.0
"Titus, frozen",2025-02-01,NORTH EAST,4870.0
"Titus, frozen",2025-02-01,NORTH WEST,6123.41
"Titus, frozen",2025-02-01,SOUTH EAST,5312.61
"Titus, frozen",2025-02-01,SOUTH SOUTH,5325.19
"Titus, frozen",2025-02-01,SOUTH WEST,4812.94
"Tomatoes, fresh",2025-02-01,NORTH CENTRAL,1045.91
"Tomatoes, fresh",2025-02-01,NORTH EAST,786.67
"Tomatoes, fresh",2025-02-01,NORTH WEST,844.41
"Tomatoes, fresh",2025-02-01,SOUTH EAST,1602.94
"Tomatoes, fresh",2025-02-01,SOUTH SOUTH,1172.9
"Tomatoes, fresh",2025-02-01,SOUTH WEST,1351.3
"Vegetable Oil, 75cl",2025-02-01,NORTH CENTRAL,2878.95
"Vegetable Oil, 75cl",2025-02-01,NORTH EAST,2823.15
"Vegetable Oil, 75cl",2025-02-01,NORTH WEST,2672.74
"Vegetable Oil, 75cl",2025-02-01,SOUTH EAST,3099.53
"Vegetable Oil, 75cl",2025-02-01,SOUTH SOUTH,3585.77
"Vegetable Oil, 75cl",2025-02-01,SOUTH WEST,3589.31
"Watermelon whole, medium size fresh",2025-02-01,NORTH CENTRAL,1802.58
"Watermelon whole, medium size fresh",2025-02-01,NORTH EAST,1616.67
"Watermelon whole, medium size fresh",2025-02-01,NORTH WEST,1435.31
"Watermelon whole, medium size fresh",2025-02-01,SOUTH EAST,2509.0
"Watermelon whole, medium size fresh",2025-02-01,SOUTH SOUTH,2469.05
"Watermelon whole, medium size fresh",2025-02-01,SOUTH WEST,1924.17
"Wheat Flour, Prepacked (2kg)",2025-02-01,NORTH CENTRAL,3679.8
"Wheat Flour, Prepacked (2kg)",2025-02-01,NORTH EAST,3728.89
"Wheat Flour, Prepacked (2kg)",2025-02-01,NORTH WEST,3814.29
"Wheat Flour, Prepacked (2kg)",2025-02-01,SOUTH EAST,5156.89
"Wheat Flour, Prepacked (2kg)",2025-02-01,SOUTH SOUTH,3780.65
"Wheat Flour, Prepacked (2kg)",2025-02-01,SOUTH WEST,3443.23
Yam Tuber,2025-02-01,NORTH CENTRAL,1934.61
Yam Tuber,2025-02-01,NORTH EAST,1752.27
Yam Tuber,2025-02-01,NORTH WEST,2071.55
Yam Tuber,2025-02-01,SOUTH EAST,2191.22
Yam Tuber,2025-02-01,SOUTH SOUTH,2278.05
Yam Tuber,2025-02-01,SOUTH WEST,1939.03
Agric hen eggs,2025-03-01,NORTH CENTRAL,251.1
Agric hen eggs,2025-03-01,NORTH EAST,254.48
Agric hen eggs,2025-03-01,NORTH WEST,242.85
Agric hen eggs,2025-03-01,SOUTH EAST,292.52
Agric hen eggs,2025-03-01,SOUTH SOUTH,267.44
Agric hen eggs,2025-03-01,SOUTH WEST,268.67
"Agric hen eggs, (a Crate of 30 pieces)",2025-03-01,NORTH CENTRAL,5835.84
"Agric hen eggs, (a Crate of 30 pieces)",2025-03-01,NORTH EAST,6341.67
"Agric hen eggs, (a Crate of 30 pieces)",2025-03-01,NORTH WEST,5808.93
"Agric hen eggs, (a Crate of 30 pieces)",2025-03-01,SOUTH EAST,6985.22
"Agric hen eggs, (a Crate of 30 pieces)",2025-03-01,SOUTH SOUTH,6120.83
"Agric hen eggs, (a Crate of 30 pieces)",2025-03-01,SOUTH WEST,6432.71
Beans Brown,2025-03-01,NORTH CENTRAL,2941.49
Beans Brown,2025-03-01,NORTH EAST,2775.47
Beans Brown,2025-03-01,NORTH WEST,1788.8
Beans Brown,2025-03-01,SOUTH EAST,3307.58
Beans Brown,2025-03-01,SOUTH SOUTH,2616.54
Beans Brown,2025-03-01,SOUTH WEST,2466.64
Beans white,2025-03-01,NORTH CENTRAL,2244.79
Beans white,2025-03-01,NORTH EAST,2180.43
Beans white,2025-03-01,NORTH WEST,1610.93
Beans white,2025-03-01,SOUTH EAST,2900.73
Beans white,2025-03-01,SOUTH SOUTH,2523.11
Beans white,2025-03-01,SOUTH WEST,2040.67
Beef Boneless,2025-03-01,NORTH CENTRAL,6335.08
Beef Boneless,2025-03-01,NORTH EAST,6218.75
Beef Boneless,2025-03-01,NORTH WEST,5781.93
Beef Boneless,2025-03-01,SOUTH EAST,8188.6
Beef Boneless,2025-03-01,SOUTH SOUTH,6634.09
Beef Boneless,2025-03-01,SOUTH WEST,6415.08
"Bread (sliced), 450g",2025-03-01,NORTH CENTRAL,1738.73
"Bread (sliced), 450g",2025-03-01,NORTH EAST,1571.0
"Bread (sliced), 450g",2025-03-01,NORTH WEST,1712.51
"Bread (sliced), 450g",2025-03-01,SOUTH EAST,1630.0
"Bread (sliced), 450g",2025-03-01,SOUTH SOUTH,1743.64
"Bread (sliced), 450g",2025-03-01,SOUTH WEST,1661.65
"Bread (unsliced), 450g",2025-03-01,NORTH CENTRAL,1645.09
"Bread (unsliced), 450g",2025-03-01,NORTH EAST,1298.83
"Bread (unsliced), 450g",2025-03-01,NORTH WEST,1731.93
"Bread (unsliced), 450g",2025-03-01,SOUTH EAST,1497.93
"Bread (unsliced), 450g",2025-03-01,SOUTH SOUTH,1769.17
"Bread (unsliced), 450g",2025-03-01,SOUTH WEST,1371.52
"Carrots, fresh",2025-03-01,NORTH CENTRAL,1577.14
"Carrots, fresh",2025-03-01,NORTH EAST,1691.67
"Carrots, fresh",2025-03-01,NORTH WEST,1580.0
"Carrots, fresh",2025-03-01,SOUTH EAST,2327.12
"Carrots, fresh",2025-03-01,SOUTH SOUTH,2463.07
"Carrots, fresh",2025-03-01,SOUTH WEST,2229.47
Catfish (obokun) fresh,2025-03-01,NORTH CENTRAL,6827.21
Catfish (obokun) fresh,2025-03-01,NORTH EAST,5222.5
Catfish (obokun) fresh,2025-03-01,NORTH WEST,4316.1
Catfish (obokun) fresh,2025-03-01,SOUTH EAST,5785.39
Catfish (obokun) fresh,2025-03-01,SOUTH SOUTH,5608.33
Catfish (obokun) fresh,2025-03-01,SOUTH WEST,5308.0
Chicken Feet,2025-03-01,NORTH CENTRAL,3975.65
Chicken Feet,2025-03-01,NORTH EAST,2931.83
Chicken Feet,2025-03-01,NORTH WEST,2428.7
Chicken Feet,2025-03-01,SOUTH EAST,3424.58
Chicken Feet,2025-03-01,SOUTH SOUTH,3869.79
Chicken Feet,2025-03-01,SOUTH WEST,4376.34
Frozen chicken,2025-03-01,NORTH CENTRAL,6228.57
Frozen chicken,2025-03-01,NORTH EAST,4810.0
Frozen chicken,2025-03-01,NORTH WEST,4707.14
Frozen chicken,2025-03-01,SOUTH EAST,7610.0
Frozen chicken,2025-03-01,SOUTH SOUTH,5523.33
Frozen chicken,2025-03-01,SOUTH WEST,5566.67
Chicken Wings,2025-03-01,NORTH CENTRAL,5055.4
Chicken Wings,2025-03-01,NORTH EAST,3629.5
Chicken Wings,2025-03-01,NORTH WEST,4137.12
Chicken Wings,2025-03-01,SOUTH EAST,4917.48
Chicken Wings,2025-03-01,SOUTH SOUTH,5050.41
Chicken Wings,2025-03-01,SOUTH WEST,5304.02
Cray fish small white,2025-03-01,NORTH CENTRAL,7265.71
Cray fish small white,2025-03-01,NORTH EAST,7153.78
Cray fish small white,2025-03-01,NORTH WEST,7224.53
Cray fish small white,2025-03-01,SOUTH EAST,6675.83
Cray fish small white,2025-03-01,SOUTH SOUTH,4925.0
Cray fish small white,2025-03-01,SOUTH WEST,6504.25
"Dried fish, Bonga",2025-03-01,NORTH CENTRAL,7726.42
"Dried fish, Bonga",2025-03-01,NORTH EAST,5884.63
"Dried fish, Bonga",2025-03-01,NORTH WEST,5611.83
"Dried fish, Bonga",2025-03-01,SOUTH EAST,8924.13
"Dried fish, Bonga",2025-03-01,SOUTH SOUTH,5666.26
"Dried fish, Bonga",2025-03-01,SOUTH WEST,5496.05
Garri white,2025-03-01,NORTH CENTRAL,1387.53
Garri white,2025-03-01,NORTH EAST,1369.4
Garri white,2025-03-01,NORTH WEST,1602.31
Garri white,2025-03-01,SOUTH EAST,1391.34
Garri white,2025-03-01,SOUTH SOUTH,1256.21
Garri white,2025-03-01,SOUTH WEST,1131.72
Garri Yellow,2025-03-01,NORTH CENTRAL,1411.67
Garri Yellow,2025-03-01,NORTH EAST,1529.08
Garri Yellow,2025-03-01,NORTH WEST,1648.35
Garri Yellow,2025-03-01,SOUTH EAST,1526.77
Garri Yellow,2025-03-01,SOUTH SOUTH,1314.79
Garri Yellow,2025-03-01,SOUTH WEST,1296.48
"Ginger, fresh",2025-03-01,NORTH CENTRAL,4586.34
"Ginger, fresh",2025-03-01,NORTH EAST,4273.38
"Ginger, fresh",2025-03-01,NORTH WEST,3758.53
"Ginger, fresh",2025-03-01,SOUTH EAST,5360.85
"Ginger, fresh",2025-03-01,SOUTH SOUTH,4965.0
"Ginger, fresh",2025-03-01,SOUTH WEST,4926.67
Goat Meat Bone in,2025-03-01,NORTH CENTRAL,5730.19
Goat Meat Bone in,2025-03-01,NORTH EAST,6290.83
Goat Meat Bone in,2025-03-01,NORTH WEST,6449.26
Goat Meat Bone in,2025-03-01,SOUTH EAST,8361.52
Goat Meat Bone in,2025-03-01,SOUTH SOUTH,7980.32
Goat Meat Bone in,2025-03-01,SOUTH WEST,7055.07
"Groundnut oil, 75cl",2025-03-01,NORTH CENTRAL,2940.06
"Groundnut oil, 75cl",2025-03-01,NORTH EAST,3208.11
"Groundnut oil, 75cl",2025-03-01,NORTH WEST,2875.62
"Groundnut oil, 75cl",2025-03-01,SOUTH EAST,3050.1
"Groundnut oil, 75cl",2025-03-01,SOUTH SOUTH,3595.49
"Groundnut oil, 75cl",2025-03-01,SOUTH WEST,3719.07
"Groundnuts, roasted,75cl bottle",2025-03-01,NORTH CENTRAL,2332.69
"Groundnuts, roasted,75cl bottle",2025-03-01,NORTH EAST,2222.0
"Groundnuts, roasted,75cl bottle",2025-03-01,NORTH WEST,2539.01
"Groundnuts, roasted,75cl bottle",2025-03-01,SOUTH EAST,2836.38
"Groundnuts, roasted,75cl bottle",2025-03-01,SOUTH SOUTH,2633.04
"Groundnuts, roasted,75cl bottle",2025-03-01,SOUTH WEST,2438.33
Irish Potato,2025-03-01,NORTH CENTRAL,1852.61
Irish Potato,2025-03-01,NORTH EAST,1290.9
Irish Potato,2025-03-01,NORTH WEST,1410.81
Irish Potato,2025-03-01,SOUTH EAST,2494.26
Irish Potato,2025-03-01,SOUTH SOUTH,2225.44
Irish Potato,2025-03-01,SOUTH WEST,2201.96
Local Rice (Broken),2025-03-01,NORTH CENTRAL,3352.98
Local Rice (Broken),2025-03-01,NORTH EAST,1722.0
Local Rice (Broken),2025-03-01,NORTH WEST,1651.87
Local Rice (Broken),2025-03-01,SOUTH EAST,2457.08
Local Rice (Broken),2025-03-01,SOUTH SOUTH,3273.78
Local Rice (Broken),2025-03-01,SOUTH WEST,3593.33
Mackerel Frozen,2025-03-01,NORTH CENTRAL,7735.62
Mackerel Frozen,2025-03-01,NORTH EAST,5772.92
Mackerel Frozen,2025-03-01,NORTH WEST,4665.02
Mackerel Frozen,2025-03-01,SOUTH EAST,5103.16
Mackerel Frozen,2025-03-01,SOUTH SOUTH,4840.23
Mackerel Frozen,2025-03-01,SOUTH WEST,4476.38
Maize grain white,2025-03-01,NORTH CENTRAL,1112.36
Maize grain white,2025-03-01,NORTH EAST,1169.12
Maize grain white,2025-03-01,NORTH WEST,1187.28
Maize grain white,2025-03-01,SOUTH EAST,1578.88
Maize grain white,2025-03-01,SOUTH SOUTH,1406.54
Maize grain white,2025-03-01,SOUTH WEST,1311.38
Onions fresh,2025-03-01,NORTH CENTRAL,1320.38
Onions fresh,2025-03-01,NORTH EAST,780.33
Onions fresh,2025-03-01,NORTH WEST,1126.99
Onions fresh,2025-03-01,SOUTH EAST,1989.03
Onions fresh,2025-03-01,SOUTH SOUTH,2393.61
Onions fresh,2025-03-01,SOUTH WEST,1161.51
"Palm oil, 75cl",2025-03-01,NORTH CENTRAL,2268.79
"Palm oil, 75cl",2025-03-01,NORTH EAST,2127.78
"Palm oil, 75cl",2025-03-01,NORTH WEST,2598.19
"Palm oil, 75cl",2025-03-01,SOUTH EAST,2670.38
"Palm oil, 75cl",2025-03-01,SOUTH SOUTH,2485.44
"Palm oil, 75cl",2025-03-01,SOUTH WEST,2972.59
Plantain (ripe),2025-03-01,NORTH CENTRAL,2209.84
Plantain (ripe),2025-03-01,NORTH EAST,1849.15
Plantain (ripe),2025-03-01,NORTH WEST,1808.26
Plantain (ripe),2025-03-01,SOUTH EAST,2198.08
Plantain (ripe),2025-03-01,SOUTH SOUTH,2092.23
Plantain (ripe),2025-03-01,SOUTH WEST,1888.36
Plantain (unripe),2025-03-01,NORTH CENTRAL,2447.27
Plantain (unripe),2025-03-01,NORTH EAST,2193.86
Plantain (unripe),2025-03-01,NORTH WEST,1946.99
Plantain (unripe),2025-03-01,SOUTH EAST,2370.21
Plantain (unripe),2025-03-01,SOUTH SOUTH,2409.48
Plantain (unripe),2025-03-01,SOUTH WEST,1951.33
"Rice Local, short-Grained",2025-03-01,NORTH CENTRAL,2277.58
"Rice Local, short-Grained",2025-03-01,NORTH EAST,2129.77
"Rice Local, short-Grained",2025-03-01,NORTH WEST,2266.31
"Rice Local, short-Grained",2025-03-01,SOUTH EAST,2300.75
"Rice Local, short-Grained",2025-03-01,SOUTH SOUTH,2354.68
"Rice Local, short-Grained",2025-03-01,SOUTH WEST,2126.66
Rice Long-Grained (Imported),2025-03-01,NORTH CENTRAL,2843.29
Rice Long-Grained (Imported),2025-03-01,NORTH EAST,2351.35
Rice Long-Grained (Imported),2025-03-01,NORTH WEST,2808.59
Rice Long-Grained (Imported),2025-03-01,SOUTH EAST,2750.96
Rice Long-Grained (Imported),2025-03-01,SOUTH SOUTH,2795.96
Rice Long-Grained (Imported),2025-03-01,SOUTH WEST,2489.98
"Semovita, Prepacked (1kg)",2025-03-01,NORTH CENTRAL,2243.43
"Semovita, Prepacked (1kg)",2025-03-01,NORTH EAST,2147.17
"Semovita, Prepacked (1kg)",2025-03-01,NORTH WEST,1892.86
"Semovita, Prepacked (1kg)",2025-03-01,SOUTH EAST,2428.0
"Semovita, Prepacked (1kg)",2025-03-01,SOUTH SOUTH,2393.96
"Semovita, Prepacked (1kg)",2025-03-01,SOUTH WEST,2010.77
Smoked fish,2025-03-01,NORTH CENTRAL,6248.08
Smoked fish,2025-03-01,NORTH EAST,5720.59
Smoked fish,2025-03-01,NORTH WEST,4650.84
Smoked fish,2025-03-01,SOUTH EAST,5879.61
Smoked fish,2025-03-01,SOUTH SOUTH,6285.37
Smoked fish,2025-03-01,SOUTH WEST,5854.29
Sweet potatoes,2025-03-01,NORTH CENTRAL,815.6
Sweet potatoes,2025-03-01,NORTH EAST,856.45
Sweet potatoes,2025-03-01,NORTH WEST,744.16
Sweet potatoes,2025-03-01,SOUTH EAST,896.82
Sweet potatoes,2025-03-01,SOUTH SOUTH,1519.7
Sweet potatoes,2025-03-01,SOUTH WEST,667.74
Tilapia fresh fish (Epiya),2025-03-01,NORTH CENTRAL,6569.71
Tilapia fresh fish (Epiya),2025-03-01,NORTH EAST,5432.15
Tilapia fresh fish (Epiya),2025-03-01,NORTH WEST,4844.3
Tilapia fresh fish (Epiya),2025-03-01,SOUTH EAST,5275.32
Tilapia fresh fish (Epiya),2025-03-01,SOUTH SOUTH,5243.15
Tilapia fresh fish (Epiya),2025-03-01,SOUTH WEST,5276.35
"Tin Milk-Evaporated, Peak Milk, 150g",2025-03-01,NORTH CENTRAL,1035.45
"Tin Milk-Evaporated, Peak Milk, 150g",2025-03-01,NORTH EAST,1000.58
"Tin Milk-Evaporated, Peak Milk, 150g",2025-03-01,NORTH WEST,902.29
"Tin Milk-Evaporated, Peak Milk, 150g",2025-03-01,SOUTH EAST,1103.3
"Tin Milk-Evaporated, Peak Milk, 150g",2025-03-01,SOUTH SOUTH,1017.27
"Tin Milk-Evaporated, Peak Milk, 150g",2025-03-01,SOUTH WEST,963.65
"Tin Milk-Evaporated, Three Crown Milk, 160g",2025-03-01,NORTH CENTRAL,813.92
"Tin Milk-Evaporated, Three Crown Milk, 160g",2025-03-01,NORTH EAST,870.42
"Tin Milk-Evaporated, Three Crown Milk, 160g",2025-03-01,NORTH WEST,854.37
"Tin Milk-Evaporated, Three Crown Milk, 160g",2025-03-01,SOUTH EAST,899.13
"Tin Milk-Evaporated, Three Crown Milk, 160g",2025-03-01,SOUTH SOUTH,981.86
"Tin Milk-Evaporated, Three Crown Milk, 160g",2025-03-01,SOUTH WEST,830.27
"Titus, frozen",2025-03-01,NORTH CENTRAL,7013.52
"Titus, frozen",2025-03-01,NORTH EAST,5088.5
"Titus, frozen",2025-03-01,NORTH WEST,6570.28
"Titus, frozen",2025-03-01,SOUTH EAST,5637.78
"Titus, frozen",2025-03-01,SOUTH SOUTH,5395.91
"Titus, frozen",2025-03-01,SOUTH WEST,5106.38
"Tomatoes, fresh",2025-03-01,NORTH CENTRAL,1129.97
"Tomatoes, fresh",2025-03-01,NORTH EAST,809.26
"Tomatoes, fresh",2025-03-01,NORTH WEST,866.2
"Tomatoes, fresh",2025-03-01,SOUTH EAST,1709.83
"Tomatoes, fresh",2025-03-01,SOUTH SOUTH,1186.29
"Tomatoes, fresh",2025-03-01,SOUTH WEST,1387.7
"Vegetable Oil, 75cl",2025-03-01,NORTH CENTRAL,3144.38
"Vegetable Oil, 75cl",2025-03-01,NORTH EAST,3089.0
"Vegetable Oil, 75cl",2025-03-01,NORTH WEST,2899.36
"Vegetable Oil, 75cl",2025-03-01,SOUTH EAST,3468.55
"Vegetable Oil, 75cl",2025-03-01,SOUTH SOUTH,3714.36
"Vegetable Oil, 75cl",2025-03-01,SOUTH WEST,3833.38
"Watermelon whole, medium size fresh",2025-03-01,NORTH CENTRAL,1880.72
"Watermelon whole, medium size fresh",2025-03-01,NORTH EAST,1717.25
"Watermelon whole, medium size fresh",2025-03-01,NORTH WEST,1573.65
"Watermelon whole, medium size fresh",2025-03-01,SOUTH EAST,2618.63
"Watermelon whole, medium size fresh",2025-03-01,SOUTH SOUTH,2649.7
"Watermelon whole, medium size fresh",2025-03-01,SOUTH WEST,2005.81
"Wheat Flour, Prepacked (2kg)",2025-03-01,NORTH CENTRAL,3968.25
"Wheat Flour, Prepacked (2kg)",2025-03-01,NORTH EAST,4037.05
"Wheat Flour, Prepacked (2kg)",2025-03-01,NORTH WEST,3944.36
"Wheat Flour, Prepacked (2kg)",2025-03-01,SOUTH EAST,5378.77
"Wheat Flour, Prepacked (2kg)",2025-03-01,SOUTH SOUTH,3916.06
"Wheat Flour, Prepacked (2kg)",2025-03-01,SOUTH WEST,3704.37
Yam Tuber,2025-03-01,NORTH CENTRAL,1975.63
Yam Tuber,2025-03-01,NORTH EAST,1787.01
Yam Tuber,2025-03-01,NORTH WEST,2187.91
Yam Tuber,2025-03-01,SOUTH EAST,2349.32
Yam Tuber,2025-03-01,SOUTH SOUTH,2479.98
Yam Tuber,2025-03-01,SOUTH WEST,2121.42
Agric hen eggs,2025-04-01,NORTH CENTRAL,253.29
Agric hen eggs,2025-04-01,NORTH EAST,247.5
Agric hen eggs,2025-04-01,NORTH WEST,242.79
Agric hen eggs,2025-04-01,SOUTH EAST,300.2
Agric hen eggs,2025-04-01,SOUTH SOUTH,264.53
Agric hen eggs,2025-04-01,SOUTH WEST,258.17
"Agric hen eggs, (a Crate of 30 pieces)",2025-04-01,NORTH CENTRAL,5836.0
"Agric hen eggs, (a Crate of 30 pieces)",2025-04-01,NORTH EAST,6551.67
"Agric hen eggs, (a Crate of 30 pieces)",2025-04-01,NORTH WEST,5082.5
"Agric hen eggs, (a Crate of 30 pieces)",2025-04-01,SOUTH EAST,7155.27
"Agric hen eggs, (a Crate of 30 pieces)",2025-04-01,SOUTH SOUTH,6306.79
"Agric hen eggs, (a Crate of 30 pieces)",2025-04-01,SOUTH WEST,6366.67
Beans Brown,2025-04-01,NORTH CENTRAL,2602.86
Beans Brown,2025-04-01,NORTH EAST,2451.67
Beans Brown,2025-04-01,NORTH WEST,1682.07
Beans Brown,2025-04-01,SOUTH EAST,3230.0
Beans Brown,2025-04-01,SOUTH SOUTH,2502.15
Beans Brown,2025-04-01,SOUTH WEST,2336.67
Beans white,2025-04-01,NORTH CENTRAL,2037.43
Beans white,2025-04-01,NORTH EAST,2036.32
Beans white,2025-04-01,NORTH WEST,1566.34
Beans white,2025-04-01,SOUTH EAST,2800.0
Beans white,2025-04-01,SOUTH SOUTH,2329.36
Beans white,2025-04-01,SOUTH WEST,2030.0
Beef Boneless,2025-04-01,NORTH CENTRAL,6336.44
Beef Boneless,2025-04-01,NORTH EAST,6295.79
Beef Boneless,2025-04-01,NORTH WEST,5776.17
Beef Boneless,2025-04-01,SOUTH EAST,8305.47
Beef Boneless,2025-04-01,SOUTH SOUTH,6594.5
Beef Boneless,2025-04-01,SOUTH WEST,6415.08
"Bread (sliced), 450g",2025-04-01,NORTH CENTRAL,1738.73
"Bread (sliced), 450g",2025-04-01,NORTH EAST,1590.0
"Bread (sliced), 450g",2025-04-01,NORTH WEST,1727.24
"Bread (sliced), 450g",2025-04-01,SOUTH EAST,1651.78
"Bread (sliced), 450g",2025-04-01,SOUTH SOUTH,1740.03
"Bread (sliced), 450g",2025-04-01,SOUTH WEST,1661.65
"Bread (unsliced), 450g",2025-04-01,NORTH CENTRAL,1646.01
"Bread (unsliced), 450g",2025-04-01,NORTH EAST,1283.33
"Bread (unsliced), 450g",2025-04-01,NORTH WEST,1713.27
"Bread (unsliced), 450g",2025-04-01,SOUTH EAST,1522.68
"Bread (unsliced), 450g",2025-04-01,SOUTH SOUTH,1700.11
"Bread (unsliced), 450g",2025-04-01,SOUTH WEST,1371.52
"Carrots, fresh",2025-04-01,NORTH CENTRAL,1586.57
"Carrots, fresh",2025-04-01,NORTH EAST,1555.0
"Carrots, fresh",2025-04-01,NORTH WEST,1581.63
"Carrots, fresh",2025-04-01,SOUTH EAST,2340.81
"Carrots, fresh",2025-04-01,SOUTH SOUTH,2478.41
"Carrots, fresh",2025-04-01,SOUTH WEST,2229.47
Catfish (obokun) fresh,2025-04-01,NORTH CENTRAL,6832.38
Catfish (obokun) fresh,2025-04-01,NORTH EAST,5109.72
Catfish (obokun) fresh,2025-04-01,NORTH WEST,4593.39
Catfish (obokun) fresh,2025-04-01,SOUTH EAST,5945.63
Catfish (obokun) fresh,2025-04-01,SOUTH SOUTH,5661.23
Catfish (obokun) fresh,2025-04-01,SOUTH WEST,5308.0
Chicken Feet,2025-04-01,NORTH CENTRAL,3975.97
Chicken Feet,2025-04-01,NORTH EAST,2933.33
Chicken Feet,2025-04-01,NORTH WEST,2506.21
Chicken Feet,2025-04-01,SOUTH EAST,3443.13
Chicken Feet,2025-04-01,SOUTH SOUTH,3858.47
Chicken Feet,2025-04-01,SOUTH WEST,4376.34
Frozen chicken,2025-04-01,NORTH CENTRAL,6228.57
Frozen chicken,2025-04-01,NORTH EAST,4904.5
Frozen chicken,2025-04-01,NORTH WEST,4923.08
Frozen chicken,2025-04-01,SOUTH EAST,7633.4
Frozen chicken,2025-04-01,SOUTH SOUTH,5555.0
Frozen chicken,2025-04-01,SOUTH WEST,5566.67
Chicken Wings,2025-04-01,NORTH CENTRAL,5077.44
Chicken Wings,2025-04-01,NORTH EAST,3700.65
Chicken Wings,2025-04-01,NORTH WEST,4527.48
Chicken Wings,2025-04-01,SOUTH EAST,4978.84
Chicken Wings,2025-04-01,SOUTH SOUTH,5084.09
Chicken Wings,2025-04-01,SOUTH WEST,5287.35
Cray fish small white,2025-04-01,NORTH CENTRAL,7297.43
Cray fish small white,2025-04-01,NORTH EAST,7083.33
Cray fish small white,2025-04-01,NORTH WEST,6983.05
Cray fish small white,2025-04-01,SOUTH EAST,7016.66
Cray fish small white,2025-04-01,SOUTH SOUTH,4937.02
Cray fish small white,2025-04-01,SOUTH WEST,6515.11
"Dried fish, Bonga",2025-04-01,NORTH CENTRAL,7726.59
"Dried fish, Bonga",2025-04-01,NORTH EAST,6391.67
"Dried fish, Bonga",2025-04-01,NORTH WEST,5782.76
"Dried fish, Bonga",2025-04-01,SOUTH EAST,9148.8
"Dried fish, Bonga",2025-04-01,SOUTH SOUTH,5771.01
"Dried fish, Bonga",2025-04-01,SOUTH WEST,5508.5
Garri white,2025-04-01,NORTH CENTRAL,1386.14
Garri white,2025-04-01,NORTH EAST,1345.76
Garri white,2025-04-01,NORTH WEST,1503.74
Garri white,2025-04-01,SOUTH EAST,1410.22
Garri white,2025-04-01,SOUTH SOUTH,1275.73
Garri white,2025-04-01,SOUTH WEST,1126.56
Garri Yellow,2025-04-01,NORTH CENTRAL,1411.5
Garri Yellow,2025-04-01,NORTH EAST,1542.1
Garri Yellow,2025-04-01,NORTH WEST,1457.16
Garri Yellow,2025-04-01,SOUTH EAST,1533.39
Garri Yellow,2025-04-01,SOUTH SOUTH,1332.56
Garri Yellow,2025-04-01,SOUTH WEST,1271.83
"Ginger, fresh",2025-04-01,NORTH CENTRAL,4600.86
"Ginger, fresh",2025-04-01,NORTH EAST,4338.33
"Ginger, fresh",2025-04-01,NORTH WEST,5445.17
"Ginger, fresh",2025-04-01,SOUTH EAST,5496.47
"Ginger, fresh",2025-04-01,SOUTH SOUTH,5041.64
"Ginger, fresh",2025-04-01,SOUTH WEST,4971.67
Goat Meat Bone in,2025-04-01,NORTH CENTRAL,5751.62
Goat Meat Bone in,2025-04-01,NORTH EAST,6220.17
Goat Meat Bone in,2025-04-01,NORTH WEST,6066.78
Goat Meat Bone in,2025-04-01,SOUTH EAST,8460.54
Goat Meat Bone in,2025-04-01,SOUTH SOUTH,7360.04
Goat Meat Bone in,2025-04-01,SOUTH WEST,6950.0
"Groundnut oil, 75cl",2025-04-01,NORTH CENTRAL,2940.09
"Groundnut oil, 75cl",2025-04-01,NORTH EAST,3253.0
"Groundnut oil, 75cl",2025-04-01,NORTH WEST,2911.99
"Groundnut oil, 75cl",2025-04-01,SOUTH EAST,3092.12
"Groundnut oil, 75cl",2025-04-01,SOUTH SOUTH,3669.77
"Groundnut oil, 75cl",2025-04-01,SOUTH WEST,3716.67
"Groundnuts, roasted,75cl bottle",2025-04-01,NORTH CENTRAL,2365.7
"Groundnuts, roasted,75cl bottle",2025-04-01,NORTH EAST,2238.75
"Groundnuts, roasted,75cl bottle",2025-04-01,NORTH WEST,2668.9
"Groundnuts, roasted,75cl bottle",2025-04-01,SOUTH EAST,2903.72
"Groundnuts, roasted,75cl bottle",2025-04-01,SOUTH SOUTH,2733.03
"Groundnuts, roasted,75cl bottle",2025-04-01,SOUTH WEST,2433.33
Irish Potato,2025-04-01,NORTH CENTRAL,1882.57
Irish Potato,2025-04-01,NORTH EAST,1520.52
Irish Potato,2025-04-01,NORTH WEST,1493.22
Irish Potato,2025-04-01,SOUTH EAST,2600.63
Irish Potato,2025-04-01,SOUTH SOUTH,2178.61
Irish Potato,2025-04-01,SOUTH WEST,2211.67
Local Rice (Broken),2025-04-01,NORTH CENTRAL,2857.14
Local Rice (Broken),2025-04-01,NORTH EAST,1868.75
Local Rice (Broken),2025-04-01,NORTH WEST,1757.02
Local Rice (Broken),2025-04-01,SOUTH EAST,2320.0
Local Rice (Broken),2025-04-01,SOUTH SOUTH,3191.69
Local Rice (Broken),2025-04-01,SOUTH WEST,3150.0
Mackerel Frozen,2025-04-01,NORTH CENTRAL,7597.88
Mackerel Frozen,2025-04-01,NORTH EAST,5783.74
Mackerel Frozen,2025-04-01,NORTH WEST,4308.27
Mackerel Frozen,2025-04-01,SOUTH EAST,5249.79
Mackerel Frozen,2025-04-01,SOUTH SOUTH,4953.21
Mackerel Frozen,2025-04-01,SOUTH WEST,4405.0
Maize grain white,2025-04-01,NORTH CENTRAL,1058.2
Maize grain white,2025-04-01,NORTH EAST,1158.8
Maize grain white,2025-04-01,NORTH WEST,1133.82
Maize grain white,2025-04-01,SOUTH EAST,1530.0
Maize grain white,2025-04-01,SOUTH SOUTH,1428.09
Maize grain white,2025-04-01,SOUTH WEST,1225.0
Onions fresh,2025-04-01,NORTH CENTRAL,1294.71
Onions fresh,2025-04-01,NORTH EAST,1112.54
Onions fresh,2025-04-01,NORTH WEST,1278.03
Onions fresh,2025-04-01,SOUTH EAST,2022.02
Onions fresh,2025-04-01,SOUTH SOUTH,2273.72
Onions fresh,2025-04-01,SOUTH WEST,1199.17
"Palm oil, 75cl",2025-04-01,NORTH CENTRAL,2340.0
"Palm oil, 75cl",2025-04-01,NORTH EAST,2160.42
"Palm oil, 75cl",2025-04-01,NORTH WEST,2643.76
"Palm oil, 75cl",2025-04-01,SOUTH EAST,2689.37
"Palm oil, 75cl",2025-04-01,SOUTH SOUTH,2468.25
"Palm oil, 75cl",2025-04-01,SOUTH WEST,2833.33
Plantain (ripe),2025-04-01,NORTH CENTRAL,2238.52
Plantain (ripe),2025-04-01,NORTH EAST,1888.54
Plantain (ripe),2025-04-01,NORTH WEST,1886.23
Plantain (ripe),2025-04-01,SOUTH EAST,2280.07
Plantain (ripe),2025-04-01,SOUTH SOUTH,2103.14
Plantain (ripe),2025-04-01,SOUTH WEST,1983.33
Plantain (unripe),2025-04-01,NORTH CENTRAL,2447.4
Plantain (unripe),2025-04-01,NORTH EAST,2046.33
Plantain (unripe),2025-04-01,NORTH WEST,1888.86
Plantain (unripe),2025-04-01,SOUTH EAST,2463.21
Plantain (unripe),2025-04-01,SOUTH SOUTH,2438.18
Plantain (unripe),2025-04-01,SOUTH WEST,2166.67
"Rice Local, short-Grained",2025-04-01,NORTH CENTRAL,2135.71
"Rice Local, short-Grained",2025-04-01,NORTH EAST,1970.37
"Rice Local, short-Grained",2025-04-01,NORTH WEST,2208.34
"Rice Local, short-Grained",2025-04-01,SOUTH EAST,2250.0
"Rice Local, short-Grained",2025-04-01,SOUTH SOUTH,2224.88
"Rice Local, short-Grained",2025-04-01,SOUTH WEST,2083.33
Rice Long-Grained (Imported),2025-04-01,NORTH CENTRAL,2671.43
Rice Long-Grained (Imported),2025-04-01,NORTH EAST,2263.13
Rice Long-Grained (Imported),2025-04-01,NORTH WEST,2661.35
Rice Long-Grained (Imported),2025-04-01,SOUTH EAST,2704.6
Rice Long-Grained (Imported),2025-04-01,SOUTH SOUTH,2735.17
Rice Long-Grained (Imported),2025-04-01,SOUTH WEST,2400.0
"Semovita, Prepacked (1kg)",2025-04-01,NORTH CENTRAL,2243.59
"Semovita, Prepacked (1kg)",2025-04-01,NORTH EAST,2389.45
"Semovita, Prepacked (1kg)",2025-04-01,NORTH WEST,2009.14
"Semovita, Prepacked (1kg)",2025-04-01,SOUTH EAST,2449.89
"Semovita, Prepacked (1kg)",2025-04-01,SOUTH SOUTH,2480.18
"Semovita, Prepacked (1kg)",2025-04-01,SOUTH WEST,2046.67
Smoked fish,2025-04-01,NORTH CENTRAL,6248.1
Smoked fish,2025-04-01,NORTH EAST,6094.61
Smoked fish,2025-04-01,NORTH WEST,4703.79
Smoked fish,2025-04-01,SOUTH EAST,6440.04
Smoked fish,2025-04-01,SOUTH SOUTH,6434.98
Smoked fish,2025-04-01,SOUTH WEST,5838.33
Sweet potatoes,2025-04-01,NORTH CENTRAL,798.49
Sweet potatoes,2025-04-01,NORTH EAST,880.52
Sweet potatoes,2025-04-01,NORTH WEST,872.94
Sweet potatoes,2025-04-01,SOUTH EAST,938.28
Sweet potatoes,2025-04-01,SOUTH SOUTH,1487.03
Sweet potatoes,2025-04-01,SOUTH WEST,687.5
Tilapia fresh fish (Epiya),2025-04-01,NORTH CENTRAL,6570.47
Tilapia fresh fish (Epiya),2025-04-01,NORTH EAST,5304.33
Tilapia fresh fish (Epiya),2025-04-01,NORTH WEST,4882.68
Tilapia fresh fish (Epiya),2025-04-01,SOUTH EAST,5430.12
Tilapia fresh fish (Epiya),2025-04-01,SOUTH SOUTH,5354.13
Tilapia fresh fish (Epiya),2025-04-01,SOUTH WEST,5305.0
"Tin Milk-Evaporated, Peak Milk, 150g",2025-04-01,NORTH CENTRAL,1035.45
"Tin Milk-Evaporated, Peak Milk, 150g",2025-04-01,NORTH EAST,996.5
"Tin Milk-Evaporated, Peak Milk, 150g",2025-04-01,NORTH WEST,910.44
"Tin Milk-Evaporated, Peak Milk, 150g",2025-04-01,SOUTH EAST,1110.22
"Tin Milk-Evaporated, Peak Milk, 150g",2025-04-01,SOUTH SOUTH,980.62
"Tin Milk-Evaporated, Peak Milk, 150g",2025-04-01,SOUTH WEST,958.33
"Tin Milk-Evaporated, Three Crown Milk, 160g",2025-04-01,NORTH CENTRAL,831.71
"Tin Milk-Evaporated, Three Crown Milk, 160g",2025-04-01,NORTH EAST,963.62
"Tin Milk-Evaporated, Three Crown Milk, 160g",2025-04-01,NORTH WEST,870.11
"Tin Milk-Evaporated, Three Crown Milk, 160g",2025-04-01,SOUTH EAST,910.61
"Tin Milk-Evaporated, Three Crown Milk, 160g",2025-04-01,SOUTH SOUTH,938.69
"Tin Milk-Evaporated, Three Crown Milk, 160g",2025-04-01,SOUTH WEST,835.0
"Titus, frozen",2025-04-01,NORTH CENTRAL,7016.01
"Titus, frozen",2025-04-01,NORTH EAST,5133.33
"Titus, frozen",2025-04-01,NORTH WEST,6677.73
"Titus, frozen",2025-04-01,SOUTH EAST,5856.31
"Titus, frozen",2025-04-01,SOUTH SOUTH,5554.32
"Titus, frozen",2025-04-01,SOUTH WEST,5081.67
"Tomatoes, fresh",2025-04-01,NORTH CENTRAL,1135.84
"Tomatoes, fresh",2025-04-01,NORTH EAST,1224.46
"Tomatoes, fresh",2025-04-01,NORTH WEST,1031.22
"Tomatoes, fresh",2025-04-01,SOUTH EAST,1779.02
"Tomatoes, fresh",2025-04-01,SOUTH SOUTH,1285.14
"Tomatoes, fresh",2025-04-01,SOUTH WEST,1395.0
"Vegetable Oil, 75cl",2025-04-01,NORTH CENTRAL,3144.66
"Vegetable Oil, 75cl",2025-04-01,NORTH EAST,3133.89
"Vegetable Oil, 75cl",2025-04-01,NORTH WEST,3049.18
"Vegetable Oil, 75cl",2025-04-01,SOUTH EAST,3571.37
"Vegetable Oil, 75cl",2025-04-01,SOUTH SOUTH,3658.47
"Vegetable Oil, 75cl",2025-04-01,SOUTH WEST,3816.67
"Watermelon whole, medium size fresh",2025-04-01,NORTH CENTRAL,1900.29
"Watermelon whole, medium size fresh",2025-04-01,NORTH EAST,1817.78
"Watermelon whole, medium size fresh",2025-04-01,NORTH WEST,1566.61
"Watermelon whole, medium size fresh",2025-04-01,SOUTH EAST,2646.64
"Watermelon whole, medium size fresh",2025-04-01,SOUTH SOUTH,2598.45
"Watermelon whole, medium size fresh",2025-04-01,SOUTH WEST,2020.5
"Wheat Flour, Prepacked (2kg)",2025-04-01,NORTH CENTRAL,3968.5
"Wheat Flour, Prepacked (2kg)",2025-04-01,NORTH EAST,4126.23
"Wheat Flour, Prepacked (2kg)",2025-04-01,NORTH WEST,3984.57
"Wheat Flour, Prepacked (2kg)",2025-04-01,SOUTH EAST,5627.03
"Wheat Flour, Prepacked (2kg)",2025-04-01,SOUTH SOUTH,3916.5
"Wheat Flour, Prepacked (2kg)",2025-04-01,SOUTH WEST,3683.33
Yam Tuber,2025-04-01,NORTH CENTRAL,2006.22
Yam Tuber,2025-04-01,NORTH EAST,2227.26
Yam Tuber,2025-04-01,NORTH WEST,2142.81
Yam Tuber,2025-04-01,SOUTH EAST,2456.53
Yam Tuber,2025-04-01,SOUTH SOUTH,2505.61
Yam Tuber,2025-04-01,SOUTH WEST,2193.33
